augmented_col,source_sample
EM7_a__aug0,EM7_a
EM7_a__aug1,EM7_a
EM7_a__aug2,EM7_a
EM7_a__aug3,EM7_a
EM7_a__aug4,EM7_a
EM7_a__aug5,EM7_a
EM7_a__aug6,EM7_a
EM7_a__aug7,EM7_a
EM7_a__aug8,EM7_a
EM7_a__aug9,EM7_a
EM7_a__aug10,EM7_a
EM7_a__aug11,EM7_a
EM7_a__aug12,EM7_a
EM7_a__aug13,EM7_a
EM7_a__aug14,EM7_a
EM7_a__aug15,EM7_a
EM7_a__aug16,EM7_a
EM7_a__aug17,EM7_a
EM7_a__aug18,EM7_a
EM7_a__aug19,EM7_a
EM7_a__aug20,EM7_a
EM7_a__aug21,EM7_a
EM7_a__aug22,EM7_a
EM7_a__aug23,EM7_a
EM7_a__aug24,EM7_a
EM7_a__aug25,EM7_a
EM7_a__aug26,EM7_a
EM7_a__aug27,EM7_a
EM7_a__aug28,EM7_a
EM7_a__aug29,EM7_a
EM7_a__aug30,EM7_a
EM7_a__aug31,EM7_a
EM7_a__aug32,EM7_a
EM7_a__aug33,EM7_a
EM7_a__aug34,EM7_a
EM7_a__aug35,EM7_a
EM7_a__aug36,EM7_a
EM7_a__aug37,EM7_a
EM7_a__aug38,EM7_a
EM7_a__aug39,EM7_a
EM7_a__aug40,EM7_a
EM7_a__aug41,EM7_a
EM7_a__aug42,EM7_a
EM7_a__aug43,EM7_a
EM7_a__aug44,EM7_a
EM7_a__aug45,EM7_a
EM7_a__aug46,EM7_a
EM7_a__aug47,EM7_a
EM7_a__aug48,EM7_a
EM7_a__aug49,EM7_a
EM7_a__aug50,EM7_a
EM7_a__aug51,EM7_a
EM7_a__aug52,EM7_a
EM7_a__aug53,EM7_a
EM7_a__aug54,EM7_a
EM7_a__aug55,EM7_a
EM7_a__aug56,EM7_a
EM7_a__aug57,EM7_a
EM7_a__aug58,EM7_a
EM7_a__aug59,EM7_a
EM7_a__aug60,EM7_a
EM7_a__aug61,EM7_a
EM7_a__aug62,EM7_a
EM7_a__aug63,EM7_a
EM7_a__aug64,EM7_a
EM7_a__aug65,EM7_a
EM7_a__aug66,EM7_a
EM7_a__aug67,EM7_a
EM7_a__aug68,EM7_a
EM7_a__aug69,EM7_a
EM7_a__aug70,EM7_a
EM7_a__aug71,EM7_a
EM7_a__aug72,EM7_a
EM7_a__aug73,EM7_a
EM7_a__aug74,EM7_a
EM7_a__aug75,EM7_a
EM7_a__aug76,EM7_a
EM7_a__aug77,EM7_a
EM7_a__aug78,EM7_a
EM7_a__aug79,EM7_a
EM7_a__aug80,EM7_a
EM7_a__aug81,EM7_a
EM7_a__aug82,EM7_a
EM7_a__aug83,EM7_a
EM7_a__aug84,EM7_a
EM7_a__aug85,EM7_a
EM7_a__aug86,EM7_a
EM7_a__aug87,EM7_a
EM7_a__aug88,EM7_a
EM7_a__aug89,EM7_a
EM7_a__aug90,EM7_a
EM7_a__aug91,EM7_a
EM7_a__aug92,EM7_a
EM7_a__aug93,EM7_a
EM7_a__aug94,EM7_a
EM7_a__aug95,EM7_a
EM7_a__aug96,EM7_a
EM7_a__aug97,EM7_a
EM7_a__aug98,EM7_a
EM7_a__aug99,EM7_a
EM2_a__aug0,EM2_a
EM2_a__aug1,EM2_a
EM2_a__aug2,EM2_a
EM2_a__aug3,EM2_a
EM2_a__aug4,EM2_a
EM2_a__aug5,EM2_a
EM2_a__aug6,EM2_a
EM2_a__aug7,EM2_a
EM2_a__aug8,EM2_a
EM2_a__aug9,EM2_a
EM2_a__aug10,EM2_a
EM2_a__aug11,EM2_a
EM2_a__aug12,EM2_a
EM2_a__aug13,EM2_a
EM2_a__aug14,EM2_a
EM2_a__aug15,EM2_a
EM2_a__aug16,EM2_a
EM2_a__aug17,EM2_a
EM2_a__aug18,EM2_a
EM2_a__aug19,EM2_a
EM2_a__aug20,EM2_a
EM2_a__aug21,EM2_a
EM2_a__aug22,EM2_a
EM2_a__aug23,EM2_a
EM2_a__aug24,EM2_a
EM2_a__aug25,EM2_a
EM2_a__aug26,EM2_a
EM2_a__aug27,EM2_a
EM2_a__aug28,EM2_a
EM2_a__aug29,EM2_a
EM2_a__aug30,EM2_a
EM2_a__aug31,EM2_a
EM2_a__aug32,EM2_a
EM2_a__aug33,EM2_a
EM2_a__aug34,EM2_a
EM2_a__aug35,EM2_a
EM2_a__aug36,EM2_a
EM2_a__aug37,EM2_a
EM2_a__aug38,EM2_a
EM2_a__aug39,EM2_a
EM2_a__aug40,EM2_a
EM2_a__aug41,EM2_a
EM2_a__aug42,EM2_a
EM2_a__aug43,EM2_a
EM2_a__aug44,EM2_a
EM2_a__aug45,EM2_a
EM2_a__aug46,EM2_a
EM2_a__aug47,EM2_a
EM2_a__aug48,EM2_a
EM2_a__aug49,EM2_a
EM2_a__aug50,EM2_a
EM2_a__aug51,EM2_a
EM2_a__aug52,EM2_a
EM2_a__aug53,EM2_a
EM2_a__aug54,EM2_a
EM2_a__aug55,EM2_a
EM2_a__aug56,EM2_a
EM2_a__aug57,EM2_a
EM2_a__aug58,EM2_a
EM2_a__aug59,EM2_a
EM2_a__aug60,EM2_a
EM2_a__aug61,EM2_a
EM2_a__aug62,EM2_a
EM2_a__aug63,EM2_a
EM2_a__aug64,EM2_a
EM2_a__aug65,EM2_a
EM2_a__aug66,EM2_a
EM2_a__aug67,EM2_a
EM2_a__aug68,EM2_a
EM2_a__aug69,EM2_a
EM2_a__aug70,EM2_a
EM2_a__aug71,EM2_a
EM2_a__aug72,EM2_a
EM2_a__aug73,EM2_a
EM2_a__aug74,EM2_a
EM2_a__aug75,EM2_a
EM2_a__aug76,EM2_a
EM2_a__aug77,EM2_a
EM2_a__aug78,EM2_a
EM2_a__aug79,EM2_a
EM2_a__aug80,EM2_a
EM2_a__aug81,EM2_a
EM2_a__aug82,EM2_a
EM2_a__aug83,EM2_a
EM2_a__aug84,EM2_a
EM2_a__aug85,EM2_a
EM2_a__aug86,EM2_a
EM2_a__aug87,EM2_a
EM2_a__aug88,EM2_a
EM2_a__aug89,EM2_a
EM2_a__aug90,EM2_a
EM2_a__aug91,EM2_a
EM2_a__aug92,EM2_a
EM2_a__aug93,EM2_a
EM2_a__aug94,EM2_a
EM2_a__aug95,EM2_a
EM2_a__aug96,EM2_a
EM2_a__aug97,EM2_a
EM2_a__aug98,EM2_a
EM2_a__aug99,EM2_a
EM5_a__aug0,EM5_a
EM5_a__aug1,EM5_a
EM5_a__aug2,EM5_a
EM5_a__aug3,EM5_a
EM5_a__aug4,EM5_a
EM5_a__aug5,EM5_a
EM5_a__aug6,EM5_a
EM5_a__aug7,EM5_a
EM5_a__aug8,EM5_a
EM5_a__aug9,EM5_a
EM5_a__aug10,EM5_a
EM5_a__aug11,EM5_a
EM5_a__aug12,EM5_a
EM5_a__aug13,EM5_a
EM5_a__aug14,EM5_a
EM5_a__aug15,EM5_a
EM5_a__aug16,EM5_a
EM5_a__aug17,EM5_a
EM5_a__aug18,EM5_a
EM5_a__aug19,EM5_a
EM5_a__aug20,EM5_a
EM5_a__aug21,EM5_a
EM5_a__aug22,EM5_a
EM5_a__aug23,EM5_a
EM5_a__aug24,EM5_a
EM5_a__aug25,EM5_a
EM5_a__aug26,EM5_a
EM5_a__aug27,EM5_a
EM5_a__aug28,EM5_a
EM5_a__aug29,EM5_a
EM5_a__aug30,EM5_a
EM5_a__aug31,EM5_a
EM5_a__aug32,EM5_a
EM5_a__aug33,EM5_a
EM5_a__aug34,EM5_a
EM5_a__aug35,EM5_a
EM5_a__aug36,EM5_a
EM5_a__aug37,EM5_a
EM5_a__aug38,EM5_a
EM5_a__aug39,EM5_a
EM5_a__aug40,EM5_a
EM5_a__aug41,EM5_a
EM5_a__aug42,EM5_a
EM5_a__aug43,EM5_a
EM5_a__aug44,EM5_a
EM5_a__aug45,EM5_a
EM5_a__aug46,EM5_a
EM5_a__aug47,EM5_a
EM5_a__aug48,EM5_a
EM5_a__aug49,EM5_a
EM5_a__aug50,EM5_a
EM5_a__aug51,EM5_a
EM5_a__aug52,EM5_a
EM5_a__aug53,EM5_a
EM5_a__aug54,EM5_a
EM5_a__aug55,EM5_a
EM5_a__aug56,EM5_a
EM5_a__aug57,EM5_a
EM5_a__aug58,EM5_a
EM5_a__aug59,EM5_a
EM5_a__aug60,EM5_a
EM5_a__aug61,EM5_a
EM5_a__aug62,EM5_a
EM5_a__aug63,EM5_a
EM5_a__aug64,EM5_a
EM5_a__aug65,EM5_a
EM5_a__aug66,EM5_a
EM5_a__aug67,EM5_a
EM5_a__aug68,EM5_a
EM5_a__aug69,EM5_a
EM5_a__aug70,EM5_a
EM5_a__aug71,EM5_a
EM5_a__aug72,EM5_a
EM5_a__aug73,EM5_a
EM5_a__aug74,EM5_a
EM5_a__aug75,EM5_a
EM5_a__aug76,EM5_a
EM5_a__aug77,EM5_a
EM5_a__aug78,EM5_a
EM5_a__aug79,EM5_a
EM5_a__aug80,EM5_a
EM5_a__aug81,EM5_a
EM5_a__aug82,EM5_a
EM5_a__aug83,EM5_a
EM5_a__aug84,EM5_a
EM5_a__aug85,EM5_a
EM5_a__aug86,EM5_a
EM5_a__aug87,EM5_a
EM5_a__aug88,EM5_a
EM5_a__aug89,EM5_a
EM5_a__aug90,EM5_a
EM5_a__aug91,EM5_a
EM5_a__aug92,EM5_a
EM5_a__aug93,EM5_a
EM5_a__aug94,EM5_a
EM5_a__aug95,EM5_a
EM5_a__aug96,EM5_a
EM5_a__aug97,EM5_a
EM5_a__aug98,EM5_a
EM5_a__aug99,EM5_a
E40_c__aug0,E40_c
E40_c__aug1,E40_c
E40_c__aug2,E40_c
E40_c__aug3,E40_c
E40_c__aug4,E40_c
E40_c__aug5,E40_c
E40_c__aug6,E40_c
E40_c__aug7,E40_c
E40_c__aug8,E40_c
E40_c__aug9,E40_c
E40_c__aug10,E40_c
E40_c__aug11,E40_c
E40_c__aug12,E40_c
E40_c__aug13,E40_c
E40_c__aug14,E40_c
E40_c__aug15,E40_c
E40_c__aug16,E40_c
E40_c__aug17,E40_c
E40_c__aug18,E40_c
E40_c__aug19,E40_c
E40_c__aug20,E40_c
E40_c__aug21,E40_c
E40_c__aug22,E40_c
E40_c__aug23,E40_c
E40_c__aug24,E40_c
E40_c__aug25,E40_c
E40_c__aug26,E40_c
E40_c__aug27,E40_c
E40_c__aug28,E40_c
E40_c__aug29,E40_c
E40_c__aug30,E40_c
E40_c__aug31,E40_c
E40_c__aug32,E40_c
E40_c__aug33,E40_c
E40_c__aug34,E40_c
E40_c__aug35,E40_c
E40_c__aug36,E40_c
E40_c__aug37,E40_c
E40_c__aug38,E40_c
E40_c__aug39,E40_c
E40_c__aug40,E40_c
E40_c__aug41,E40_c
E40_c__aug42,E40_c
E40_c__aug43,E40_c
E40_c__aug44,E40_c
E40_c__aug45,E40_c
E40_c__aug46,E40_c
E40_c__aug47,E40_c
E40_c__aug48,E40_c
E40_c__aug49,E40_c
E40_c__aug50,E40_c
E40_c__aug51,E40_c
E40_c__aug52,E40_c
E40_c__aug53,E40_c
E40_c__aug54,E40_c
E40_c__aug55,E40_c
E40_c__aug56,E40_c
E40_c__aug57,E40_c
E40_c__aug58,E40_c
E40_c__aug59,E40_c
E40_c__aug60,E40_c
E40_c__aug61,E40_c
E40_c__aug62,E40_c
E40_c__aug63,E40_c
E40_c__aug64,E40_c
E40_c__aug65,E40_c
E40_c__aug66,E40_c
E40_c__aug67,E40_c
E40_c__aug68,E40_c
E40_c__aug69,E40_c
E40_c__aug70,E40_c
E40_c__aug71,E40_c
E40_c__aug72,E40_c
E40_c__aug73,E40_c
E40_c__aug74,E40_c
E40_c__aug75,E40_c
E40_c__aug76,E40_c
E40_c__aug77,E40_c
E40_c__aug78,E40_c
E40_c__aug79,E40_c
E40_c__aug80,E40_c
E40_c__aug81,E40_c
E40_c__aug82,E40_c
E40_c__aug83,E40_c
E40_c__aug84,E40_c
E40_c__aug85,E40_c
E40_c__aug86,E40_c
E40_c__aug87,E40_c
E40_c__aug88,E40_c
E40_c__aug89,E40_c
E40_c__aug90,E40_c
E40_c__aug91,E40_c
E40_c__aug92,E40_c
E40_c__aug93,E40_c
E40_c__aug94,E40_c
E40_c__aug95,E40_c
E40_c__aug96,E40_c
E40_c__aug97,E40_c
E40_c__aug98,E40_c
E40_c__aug99,E40_c
E70_c__aug0,E70_c
E70_c__aug1,E70_c
E70_c__aug2,E70_c
E70_c__aug3,E70_c
E70_c__aug4,E70_c
E70_c__aug5,E70_c
E70_c__aug6,E70_c
E70_c__aug7,E70_c
E70_c__aug8,E70_c
E70_c__aug9,E70_c
E70_c__aug10,E70_c
E70_c__aug11,E70_c
E70_c__aug12,E70_c
E70_c__aug13,E70_c
E70_c__aug14,E70_c
E70_c__aug15,E70_c
E70_c__aug16,E70_c
E70_c__aug17,E70_c
E70_c__aug18,E70_c
E70_c__aug19,E70_c
E70_c__aug20,E70_c
E70_c__aug21,E70_c
E70_c__aug22,E70_c
E70_c__aug23,E70_c
E70_c__aug24,E70_c
E70_c__aug25,E70_c
E70_c__aug26,E70_c
E70_c__aug27,E70_c
E70_c__aug28,E70_c
E70_c__aug29,E70_c
E70_c__aug30,E70_c
E70_c__aug31,E70_c
E70_c__aug32,E70_c
E70_c__aug33,E70_c
E70_c__aug34,E70_c
E70_c__aug35,E70_c
E70_c__aug36,E70_c
E70_c__aug37,E70_c
E70_c__aug38,E70_c
E70_c__aug39,E70_c
E70_c__aug40,E70_c
E70_c__aug41,E70_c
E70_c__aug42,E70_c
E70_c__aug43,E70_c
E70_c__aug44,E70_c
E70_c__aug45,E70_c
E70_c__aug46,E70_c
E70_c__aug47,E70_c
E70_c__aug48,E70_c
E70_c__aug49,E70_c
E70_c__aug50,E70_c
E70_c__aug51,E70_c
E70_c__aug52,E70_c
E70_c__aug53,E70_c
E70_c__aug54,E70_c
E70_c__aug55,E70_c
E70_c__aug56,E70_c
E70_c__aug57,E70_c
E70_c__aug58,E70_c
E70_c__aug59,E70_c
E70_c__aug60,E70_c
E70_c__aug61,E70_c
E70_c__aug62,E70_c
E70_c__aug63,E70_c
E70_c__aug64,E70_c
E70_c__aug65,E70_c
E70_c__aug66,E70_c
E70_c__aug67,E70_c
E70_c__aug68,E70_c
E70_c__aug69,E70_c
E70_c__aug70,E70_c
E70_c__aug71,E70_c
E70_c__aug72,E70_c
E70_c__aug73,E70_c
E70_c__aug74,E70_c
E70_c__aug75,E70_c
E70_c__aug76,E70_c
E70_c__aug77,E70_c
E70_c__aug78,E70_c
E70_c__aug79,E70_c
E70_c__aug80,E70_c
E70_c__aug81,E70_c
E70_c__aug82,E70_c
E70_c__aug83,E70_c
E70_c__aug84,E70_c
E70_c__aug85,E70_c
E70_c__aug86,E70_c
E70_c__aug87,E70_c
E70_c__aug88,E70_c
E70_c__aug89,E70_c
E70_c__aug90,E70_c
E70_c__aug91,E70_c
E70_c__aug92,E70_c
E70_c__aug93,E70_c
E70_c__aug94,E70_c
E70_c__aug95,E70_c
E70_c__aug96,E70_c
E70_c__aug97,E70_c
E70_c__aug98,E70_c
E70_c__aug99,E70_c
EM3_b__aug0,EM3_b
EM3_b__aug1,EM3_b
EM3_b__aug2,EM3_b
EM3_b__aug3,EM3_b
EM3_b__aug4,EM3_b
EM3_b__aug5,EM3_b
EM3_b__aug6,EM3_b
EM3_b__aug7,EM3_b
EM3_b__aug8,EM3_b
EM3_b__aug9,EM3_b
EM3_b__aug10,EM3_b
EM3_b__aug11,EM3_b
EM3_b__aug12,EM3_b
EM3_b__aug13,EM3_b
EM3_b__aug14,EM3_b
EM3_b__aug15,EM3_b
EM3_b__aug16,EM3_b
EM3_b__aug17,EM3_b
EM3_b__aug18,EM3_b
EM3_b__aug19,EM3_b
EM3_b__aug20,EM3_b
EM3_b__aug21,EM3_b
EM3_b__aug22,EM3_b
EM3_b__aug23,EM3_b
EM3_b__aug24,EM3_b
EM3_b__aug25,EM3_b
EM3_b__aug26,EM3_b
EM3_b__aug27,EM3_b
EM3_b__aug28,EM3_b
EM3_b__aug29,EM3_b
EM3_b__aug30,EM3_b
EM3_b__aug31,EM3_b
EM3_b__aug32,EM3_b
EM3_b__aug33,EM3_b
EM3_b__aug34,EM3_b
EM3_b__aug35,EM3_b
EM3_b__aug36,EM3_b
EM3_b__aug37,EM3_b
EM3_b__aug38,EM3_b
EM3_b__aug39,EM3_b
EM3_b__aug40,EM3_b
EM3_b__aug41,EM3_b
EM3_b__aug42,EM3_b
EM3_b__aug43,EM3_b
EM3_b__aug44,EM3_b
EM3_b__aug45,EM3_b
EM3_b__aug46,EM3_b
EM3_b__aug47,EM3_b
EM3_b__aug48,EM3_b
EM3_b__aug49,EM3_b
EM3_b__aug50,EM3_b
EM3_b__aug51,EM3_b
EM3_b__aug52,EM3_b
EM3_b__aug53,EM3_b
EM3_b__aug54,EM3_b
EM3_b__aug55,EM3_b
EM3_b__aug56,EM3_b
EM3_b__aug57,EM3_b
EM3_b__aug58,EM3_b
EM3_b__aug59,EM3_b
EM3_b__aug60,EM3_b
EM3_b__aug61,EM3_b
EM3_b__aug62,EM3_b
EM3_b__aug63,EM3_b
EM3_b__aug64,EM3_b
EM3_b__aug65,EM3_b
EM3_b__aug66,EM3_b
EM3_b__aug67,EM3_b
EM3_b__aug68,EM3_b
EM3_b__aug69,EM3_b
EM3_b__aug70,EM3_b
EM3_b__aug71,EM3_b
EM3_b__aug72,EM3_b
EM3_b__aug73,EM3_b
EM3_b__aug74,EM3_b
EM3_b__aug75,EM3_b
EM3_b__aug76,EM3_b
EM3_b__aug77,EM3_b
EM3_b__aug78,EM3_b
EM3_b__aug79,EM3_b
EM3_b__aug80,EM3_b
EM3_b__aug81,EM3_b
EM3_b__aug82,EM3_b
EM3_b__aug83,EM3_b
EM3_b__aug84,EM3_b
EM3_b__aug85,EM3_b
EM3_b__aug86,EM3_b
EM3_b__aug87,EM3_b
EM3_b__aug88,EM3_b
EM3_b__aug89,EM3_b
EM3_b__aug90,EM3_b
EM3_b__aug91,EM3_b
EM3_b__aug92,EM3_b
EM3_b__aug93,EM3_b
EM3_b__aug94,EM3_b
EM3_b__aug95,EM3_b
EM3_b__aug96,EM3_b
EM3_b__aug97,EM3_b
EM3_b__aug98,EM3_b
EM3_b__aug99,EM3_b
EM7_b__aug0,EM7_b
EM7_b__aug1,EM7_b
EM7_b__aug2,EM7_b
EM7_b__aug3,EM7_b
EM7_b__aug4,EM7_b
EM7_b__aug5,EM7_b
EM7_b__aug6,EM7_b
EM7_b__aug7,EM7_b
EM7_b__aug8,EM7_b
EM7_b__aug9,EM7_b
EM7_b__aug10,EM7_b
EM7_b__aug11,EM7_b
EM7_b__aug12,EM7_b
EM7_b__aug13,EM7_b
EM7_b__aug14,EM7_b
EM7_b__aug15,EM7_b
EM7_b__aug16,EM7_b
EM7_b__aug17,EM7_b
EM7_b__aug18,EM7_b
EM7_b__aug19,EM7_b
EM7_b__aug20,EM7_b
EM7_b__aug21,EM7_b
EM7_b__aug22,EM7_b
EM7_b__aug23,EM7_b
EM7_b__aug24,EM7_b
EM7_b__aug25,EM7_b
EM7_b__aug26,EM7_b
EM7_b__aug27,EM7_b
EM7_b__aug28,EM7_b
EM7_b__aug29,EM7_b
EM7_b__aug30,EM7_b
EM7_b__aug31,EM7_b
EM7_b__aug32,EM7_b
EM7_b__aug33,EM7_b
EM7_b__aug34,EM7_b
EM7_b__aug35,EM7_b
EM7_b__aug36,EM7_b
EM7_b__aug37,EM7_b
EM7_b__aug38,EM7_b
EM7_b__aug39,EM7_b
EM7_b__aug40,EM7_b
EM7_b__aug41,EM7_b
EM7_b__aug42,EM7_b
EM7_b__aug43,EM7_b
EM7_b__aug44,EM7_b
EM7_b__aug45,EM7_b
EM7_b__aug46,EM7_b
EM7_b__aug47,EM7_b
EM7_b__aug48,EM7_b
EM7_b__aug49,EM7_b
EM7_b__aug50,EM7_b
EM7_b__aug51,EM7_b
EM7_b__aug52,EM7_b
EM7_b__aug53,EM7_b
EM7_b__aug54,EM7_b
EM7_b__aug55,EM7_b
EM7_b__aug56,EM7_b
EM7_b__aug57,EM7_b
EM7_b__aug58,EM7_b
EM7_b__aug59,EM7_b
EM7_b__aug60,EM7_b
EM7_b__aug61,EM7_b
EM7_b__aug62,EM7_b
EM7_b__aug63,EM7_b
EM7_b__aug64,EM7_b
EM7_b__aug65,EM7_b
EM7_b__aug66,EM7_b
EM7_b__aug67,EM7_b
EM7_b__aug68,EM7_b
EM7_b__aug69,EM7_b
EM7_b__aug70,EM7_b
EM7_b__aug71,EM7_b
EM7_b__aug72,EM7_b
EM7_b__aug73,EM7_b
EM7_b__aug74,EM7_b
EM7_b__aug75,EM7_b
EM7_b__aug76,EM7_b
EM7_b__aug77,EM7_b
EM7_b__aug78,EM7_b
EM7_b__aug79,EM7_b
EM7_b__aug80,EM7_b
EM7_b__aug81,EM7_b
EM7_b__aug82,EM7_b
EM7_b__aug83,EM7_b
EM7_b__aug84,EM7_b
EM7_b__aug85,EM7_b
EM7_b__aug86,EM7_b
EM7_b__aug87,EM7_b
EM7_b__aug88,EM7_b
EM7_b__aug89,EM7_b
EM7_b__aug90,EM7_b
EM7_b__aug91,EM7_b
EM7_b__aug92,EM7_b
EM7_b__aug93,EM7_b
EM7_b__aug94,EM7_b
EM7_b__aug95,EM7_b
EM7_b__aug96,EM7_b
EM7_b__aug97,EM7_b
EM7_b__aug98,EM7_b
EM7_b__aug99,EM7_b
E20_c__aug0,E20_c
E20_c__aug1,E20_c
E20_c__aug2,E20_c
E20_c__aug3,E20_c
E20_c__aug4,E20_c
E20_c__aug5,E20_c
E20_c__aug6,E20_c
E20_c__aug7,E20_c
E20_c__aug8,E20_c
E20_c__aug9,E20_c
E20_c__aug10,E20_c
E20_c__aug11,E20_c
E20_c__aug12,E20_c
E20_c__aug13,E20_c
E20_c__aug14,E20_c
E20_c__aug15,E20_c
E20_c__aug16,E20_c
E20_c__aug17,E20_c
E20_c__aug18,E20_c
E20_c__aug19,E20_c
E20_c__aug20,E20_c
E20_c__aug21,E20_c
E20_c__aug22,E20_c
E20_c__aug23,E20_c
E20_c__aug24,E20_c
E20_c__aug25,E20_c
E20_c__aug26,E20_c
E20_c__aug27,E20_c
E20_c__aug28,E20_c
E20_c__aug29,E20_c
E20_c__aug30,E20_c
E20_c__aug31,E20_c
E20_c__aug32,E20_c
E20_c__aug33,E20_c
E20_c__aug34,E20_c
E20_c__aug35,E20_c
E20_c__aug36,E20_c
E20_c__aug37,E20_c
E20_c__aug38,E20_c
E20_c__aug39,E20_c
E20_c__aug40,E20_c
E20_c__aug41,E20_c
E20_c__aug42,E20_c
E20_c__aug43,E20_c
E20_c__aug44,E20_c
E20_c__aug45,E20_c
E20_c__aug46,E20_c
E20_c__aug47,E20_c
E20_c__aug48,E20_c
E20_c__aug49,E20_c
E20_c__aug50,E20_c
E20_c__aug51,E20_c
E20_c__aug52,E20_c
E20_c__aug53,E20_c
E20_c__aug54,E20_c
E20_c__aug55,E20_c
E20_c__aug56,E20_c
E20_c__aug57,E20_c
E20_c__aug58,E20_c
E20_c__aug59,E20_c
E20_c__aug60,E20_c
E20_c__aug61,E20_c
E20_c__aug62,E20_c
E20_c__aug63,E20_c
E20_c__aug64,E20_c
E20_c__aug65,E20_c
E20_c__aug66,E20_c
E20_c__aug67,E20_c
E20_c__aug68,E20_c
E20_c__aug69,E20_c
E20_c__aug70,E20_c
E20_c__aug71,E20_c
E20_c__aug72,E20_c
E20_c__aug73,E20_c
E20_c__aug74,E20_c
E20_c__aug75,E20_c
E20_c__aug76,E20_c
E20_c__aug77,E20_c
E20_c__aug78,E20_c
E20_c__aug79,E20_c
E20_c__aug80,E20_c
E20_c__aug81,E20_c
E20_c__aug82,E20_c
E20_c__aug83,E20_c
E20_c__aug84,E20_c
E20_c__aug85,E20_c
E20_c__aug86,E20_c
E20_c__aug87,E20_c
E20_c__aug88,E20_c
E20_c__aug89,E20_c
E20_c__aug90,E20_c
E20_c__aug91,E20_c
E20_c__aug92,E20_c
E20_c__aug93,E20_c
E20_c__aug94,E20_c
E20_c__aug95,E20_c
E20_c__aug96,E20_c
E20_c__aug97,E20_c
E20_c__aug98,E20_c
E20_c__aug99,E20_c
EM5_b__aug0,EM5_b
EM5_b__aug1,EM5_b
EM5_b__aug2,EM5_b
EM5_b__aug3,EM5_b
EM5_b__aug4,EM5_b
EM5_b__aug5,EM5_b
EM5_b__aug6,EM5_b
EM5_b__aug7,EM5_b
EM5_b__aug8,EM5_b
EM5_b__aug9,EM5_b
EM5_b__aug10,EM5_b
EM5_b__aug11,EM5_b
EM5_b__aug12,EM5_b
EM5_b__aug13,EM5_b
EM5_b__aug14,EM5_b
EM5_b__aug15,EM5_b
EM5_b__aug16,EM5_b
EM5_b__aug17,EM5_b
EM5_b__aug18,EM5_b
EM5_b__aug19,EM5_b
EM5_b__aug20,EM5_b
EM5_b__aug21,EM5_b
EM5_b__aug22,EM5_b
EM5_b__aug23,EM5_b
EM5_b__aug24,EM5_b
EM5_b__aug25,EM5_b
EM5_b__aug26,EM5_b
EM5_b__aug27,EM5_b
EM5_b__aug28,EM5_b
EM5_b__aug29,EM5_b
EM5_b__aug30,EM5_b
EM5_b__aug31,EM5_b
EM5_b__aug32,EM5_b
EM5_b__aug33,EM5_b
EM5_b__aug34,EM5_b
EM5_b__aug35,EM5_b
EM5_b__aug36,EM5_b
EM5_b__aug37,EM5_b
EM5_b__aug38,EM5_b
EM5_b__aug39,EM5_b
EM5_b__aug40,EM5_b
EM5_b__aug41,EM5_b
EM5_b__aug42,EM5_b
EM5_b__aug43,EM5_b
EM5_b__aug44,EM5_b
EM5_b__aug45,EM5_b
EM5_b__aug46,EM5_b
EM5_b__aug47,EM5_b
EM5_b__aug48,EM5_b
EM5_b__aug49,EM5_b
EM5_b__aug50,EM5_b
EM5_b__aug51,EM5_b
EM5_b__aug52,EM5_b
EM5_b__aug53,EM5_b
EM5_b__aug54,EM5_b
EM5_b__aug55,EM5_b
EM5_b__aug56,EM5_b
EM5_b__aug57,EM5_b
EM5_b__aug58,EM5_b
EM5_b__aug59,EM5_b
EM5_b__aug60,EM5_b
EM5_b__aug61,EM5_b
EM5_b__aug62,EM5_b
EM5_b__aug63,EM5_b
EM5_b__aug64,EM5_b
EM5_b__aug65,EM5_b
EM5_b__aug66,EM5_b
EM5_b__aug67,EM5_b
EM5_b__aug68,EM5_b
EM5_b__aug69,EM5_b
EM5_b__aug70,EM5_b
EM5_b__aug71,EM5_b
EM5_b__aug72,EM5_b
EM5_b__aug73,EM5_b
EM5_b__aug74,EM5_b
EM5_b__aug75,EM5_b
EM5_b__aug76,EM5_b
EM5_b__aug77,EM5_b
EM5_b__aug78,EM5_b
EM5_b__aug79,EM5_b
EM5_b__aug80,EM5_b
EM5_b__aug81,EM5_b
EM5_b__aug82,EM5_b
EM5_b__aug83,EM5_b
EM5_b__aug84,EM5_b
EM5_b__aug85,EM5_b
EM5_b__aug86,EM5_b
EM5_b__aug87,EM5_b
EM5_b__aug88,EM5_b
EM5_b__aug89,EM5_b
EM5_b__aug90,EM5_b
EM5_b__aug91,EM5_b
EM5_b__aug92,EM5_b
EM5_b__aug93,EM5_b
EM5_b__aug94,EM5_b
EM5_b__aug95,EM5_b
EM5_b__aug96,EM5_b
EM5_b__aug97,EM5_b
EM5_b__aug98,EM5_b
EM5_b__aug99,EM5_b
EM8_a__aug0,EM8_a
EM8_a__aug1,EM8_a
EM8_a__aug2,EM8_a
EM8_a__aug3,EM8_a
EM8_a__aug4,EM8_a
EM8_a__aug5,EM8_a
EM8_a__aug6,EM8_a
EM8_a__aug7,EM8_a
EM8_a__aug8,EM8_a
EM8_a__aug9,EM8_a
EM8_a__aug10,EM8_a
EM8_a__aug11,EM8_a
EM8_a__aug12,EM8_a
EM8_a__aug13,EM8_a
EM8_a__aug14,EM8_a
EM8_a__aug15,EM8_a
EM8_a__aug16,EM8_a
EM8_a__aug17,EM8_a
EM8_a__aug18,EM8_a
EM8_a__aug19,EM8_a
EM8_a__aug20,EM8_a
EM8_a__aug21,EM8_a
EM8_a__aug22,EM8_a
EM8_a__aug23,EM8_a
EM8_a__aug24,EM8_a
EM8_a__aug25,EM8_a
EM8_a__aug26,EM8_a
EM8_a__aug27,EM8_a
EM8_a__aug28,EM8_a
EM8_a__aug29,EM8_a
EM8_a__aug30,EM8_a
EM8_a__aug31,EM8_a
EM8_a__aug32,EM8_a
EM8_a__aug33,EM8_a
EM8_a__aug34,EM8_a
EM8_a__aug35,EM8_a
EM8_a__aug36,EM8_a
EM8_a__aug37,EM8_a
EM8_a__aug38,EM8_a
EM8_a__aug39,EM8_a
EM8_a__aug40,EM8_a
EM8_a__aug41,EM8_a
EM8_a__aug42,EM8_a
EM8_a__aug43,EM8_a
EM8_a__aug44,EM8_a
EM8_a__aug45,EM8_a
EM8_a__aug46,EM8_a
EM8_a__aug47,EM8_a
EM8_a__aug48,EM8_a
EM8_a__aug49,EM8_a
EM8_a__aug50,EM8_a
EM8_a__aug51,EM8_a
EM8_a__aug52,EM8_a
EM8_a__aug53,EM8_a
EM8_a__aug54,EM8_a
EM8_a__aug55,EM8_a
EM8_a__aug56,EM8_a
EM8_a__aug57,EM8_a
EM8_a__aug58,EM8_a
EM8_a__aug59,EM8_a
EM8_a__aug60,EM8_a
EM8_a__aug61,EM8_a
EM8_a__aug62,EM8_a
EM8_a__aug63,EM8_a
EM8_a__aug64,EM8_a
EM8_a__aug65,EM8_a
EM8_a__aug66,EM8_a
EM8_a__aug67,EM8_a
EM8_a__aug68,EM8_a
EM8_a__aug69,EM8_a
EM8_a__aug70,EM8_a
EM8_a__aug71,EM8_a
EM8_a__aug72,EM8_a
EM8_a__aug73,EM8_a
EM8_a__aug74,EM8_a
EM8_a__aug75,EM8_a
EM8_a__aug76,EM8_a
EM8_a__aug77,EM8_a
EM8_a__aug78,EM8_a
EM8_a__aug79,EM8_a
EM8_a__aug80,EM8_a
EM8_a__aug81,EM8_a
EM8_a__aug82,EM8_a
EM8_a__aug83,EM8_a
EM8_a__aug84,EM8_a
EM8_a__aug85,EM8_a
EM8_a__aug86,EM8_a
EM8_a__aug87,EM8_a
EM8_a__aug88,EM8_a
EM8_a__aug89,EM8_a
EM8_a__aug90,EM8_a
EM8_a__aug91,EM8_a
EM8_a__aug92,EM8_a
EM8_a__aug93,EM8_a
EM8_a__aug94,EM8_a
EM8_a__aug95,EM8_a
EM8_a__aug96,EM8_a
EM8_a__aug97,EM8_a
EM8_a__aug98,EM8_a
EM8_a__aug99,EM8_a
EM6_b__aug0,EM6_b
EM6_b__aug1,EM6_b
EM6_b__aug2,EM6_b
EM6_b__aug3,EM6_b
EM6_b__aug4,EM6_b
EM6_b__aug5,EM6_b
EM6_b__aug6,EM6_b
EM6_b__aug7,EM6_b
EM6_b__aug8,EM6_b
EM6_b__aug9,EM6_b
EM6_b__aug10,EM6_b
EM6_b__aug11,EM6_b
EM6_b__aug12,EM6_b
EM6_b__aug13,EM6_b
EM6_b__aug14,EM6_b
EM6_b__aug15,EM6_b
EM6_b__aug16,EM6_b
EM6_b__aug17,EM6_b
EM6_b__aug18,EM6_b
EM6_b__aug19,EM6_b
EM6_b__aug20,EM6_b
EM6_b__aug21,EM6_b
EM6_b__aug22,EM6_b
EM6_b__aug23,EM6_b
EM6_b__aug24,EM6_b
EM6_b__aug25,EM6_b
EM6_b__aug26,EM6_b
EM6_b__aug27,EM6_b
EM6_b__aug28,EM6_b
EM6_b__aug29,EM6_b
EM6_b__aug30,EM6_b
EM6_b__aug31,EM6_b
EM6_b__aug32,EM6_b
EM6_b__aug33,EM6_b
EM6_b__aug34,EM6_b
EM6_b__aug35,EM6_b
EM6_b__aug36,EM6_b
EM6_b__aug37,EM6_b
EM6_b__aug38,EM6_b
EM6_b__aug39,EM6_b
EM6_b__aug40,EM6_b
EM6_b__aug41,EM6_b
EM6_b__aug42,EM6_b
EM6_b__aug43,EM6_b
EM6_b__aug44,EM6_b
EM6_b__aug45,EM6_b
EM6_b__aug46,EM6_b
EM6_b__aug47,EM6_b
EM6_b__aug48,EM6_b
EM6_b__aug49,EM6_b
EM6_b__aug50,EM6_b
EM6_b__aug51,EM6_b
EM6_b__aug52,EM6_b
EM6_b__aug53,EM6_b
EM6_b__aug54,EM6_b
EM6_b__aug55,EM6_b
EM6_b__aug56,EM6_b
EM6_b__aug57,EM6_b
EM6_b__aug58,EM6_b
EM6_b__aug59,EM6_b
EM6_b__aug60,EM6_b
EM6_b__aug61,EM6_b
EM6_b__aug62,EM6_b
EM6_b__aug63,EM6_b
EM6_b__aug64,EM6_b
EM6_b__aug65,EM6_b
EM6_b__aug66,EM6_b
EM6_b__aug67,EM6_b
EM6_b__aug68,EM6_b
EM6_b__aug69,EM6_b
EM6_b__aug70,EM6_b
EM6_b__aug71,EM6_b
EM6_b__aug72,EM6_b
EM6_b__aug73,EM6_b
EM6_b__aug74,EM6_b
EM6_b__aug75,EM6_b
EM6_b__aug76,EM6_b
EM6_b__aug77,EM6_b
EM6_b__aug78,EM6_b
EM6_b__aug79,EM6_b
EM6_b__aug80,EM6_b
EM6_b__aug81,EM6_b
EM6_b__aug82,EM6_b
EM6_b__aug83,EM6_b
EM6_b__aug84,EM6_b
EM6_b__aug85,EM6_b
EM6_b__aug86,EM6_b
EM6_b__aug87,EM6_b
EM6_b__aug88,EM6_b
EM6_b__aug89,EM6_b
EM6_b__aug90,EM6_b
EM6_b__aug91,EM6_b
EM6_b__aug92,EM6_b
EM6_b__aug93,EM6_b
EM6_b__aug94,EM6_b
EM6_b__aug95,EM6_b
EM6_b__aug96,EM6_b
EM6_b__aug97,EM6_b
EM6_b__aug98,EM6_b
EM6_b__aug99,EM6_b
E90_a__aug0,E90_a
E90_a__aug1,E90_a
E90_a__aug2,E90_a
E90_a__aug3,E90_a
E90_a__aug4,E90_a
E90_a__aug5,E90_a
E90_a__aug6,E90_a
E90_a__aug7,E90_a
E90_a__aug8,E90_a
E90_a__aug9,E90_a
E90_a__aug10,E90_a
E90_a__aug11,E90_a
E90_a__aug12,E90_a
E90_a__aug13,E90_a
E90_a__aug14,E90_a
E90_a__aug15,E90_a
E90_a__aug16,E90_a
E90_a__aug17,E90_a
E90_a__aug18,E90_a
E90_a__aug19,E90_a
E90_a__aug20,E90_a
E90_a__aug21,E90_a
E90_a__aug22,E90_a
E90_a__aug23,E90_a
E90_a__aug24,E90_a
E90_a__aug25,E90_a
E90_a__aug26,E90_a
E90_a__aug27,E90_a
E90_a__aug28,E90_a
E90_a__aug29,E90_a
E90_a__aug30,E90_a
E90_a__aug31,E90_a
E90_a__aug32,E90_a
E90_a__aug33,E90_a
E90_a__aug34,E90_a
E90_a__aug35,E90_a
E90_a__aug36,E90_a
E90_a__aug37,E90_a
E90_a__aug38,E90_a
E90_a__aug39,E90_a
E90_a__aug40,E90_a
E90_a__aug41,E90_a
E90_a__aug42,E90_a
E90_a__aug43,E90_a
E90_a__aug44,E90_a
E90_a__aug45,E90_a
E90_a__aug46,E90_a
E90_a__aug47,E90_a
E90_a__aug48,E90_a
E90_a__aug49,E90_a
E90_a__aug50,E90_a
E90_a__aug51,E90_a
E90_a__aug52,E90_a
E90_a__aug53,E90_a
E90_a__aug54,E90_a
E90_a__aug55,E90_a
E90_a__aug56,E90_a
E90_a__aug57,E90_a
E90_a__aug58,E90_a
E90_a__aug59,E90_a
E90_a__aug60,E90_a
E90_a__aug61,E90_a
E90_a__aug62,E90_a
E90_a__aug63,E90_a
E90_a__aug64,E90_a
E90_a__aug65,E90_a
E90_a__aug66,E90_a
E90_a__aug67,E90_a
E90_a__aug68,E90_a
E90_a__aug69,E90_a
E90_a__aug70,E90_a
E90_a__aug71,E90_a
E90_a__aug72,E90_a
E90_a__aug73,E90_a
E90_a__aug74,E90_a
E90_a__aug75,E90_a
E90_a__aug76,E90_a
E90_a__aug77,E90_a
E90_a__aug78,E90_a
E90_a__aug79,E90_a
E90_a__aug80,E90_a
E90_a__aug81,E90_a
E90_a__aug82,E90_a
E90_a__aug83,E90_a
E90_a__aug84,E90_a
E90_a__aug85,E90_a
E90_a__aug86,E90_a
E90_a__aug87,E90_a
E90_a__aug88,E90_a
E90_a__aug89,E90_a
E90_a__aug90,E90_a
E90_a__aug91,E90_a
E90_a__aug92,E90_a
E90_a__aug93,E90_a
E90_a__aug94,E90_a
E90_a__aug95,E90_a
E90_a__aug96,E90_a
E90_a__aug97,E90_a
E90_a__aug98,E90_a
E90_a__aug99,E90_a
E80_a__aug0,E80_a
E80_a__aug1,E80_a
E80_a__aug2,E80_a
E80_a__aug3,E80_a
E80_a__aug4,E80_a
E80_a__aug5,E80_a
E80_a__aug6,E80_a
E80_a__aug7,E80_a
E80_a__aug8,E80_a
E80_a__aug9,E80_a
E80_a__aug10,E80_a
E80_a__aug11,E80_a
E80_a__aug12,E80_a
E80_a__aug13,E80_a
E80_a__aug14,E80_a
E80_a__aug15,E80_a
E80_a__aug16,E80_a
E80_a__aug17,E80_a
E80_a__aug18,E80_a
E80_a__aug19,E80_a
E80_a__aug20,E80_a
E80_a__aug21,E80_a
E80_a__aug22,E80_a
E80_a__aug23,E80_a
E80_a__aug24,E80_a
E80_a__aug25,E80_a
E80_a__aug26,E80_a
E80_a__aug27,E80_a
E80_a__aug28,E80_a
E80_a__aug29,E80_a
E80_a__aug30,E80_a
E80_a__aug31,E80_a
E80_a__aug32,E80_a
E80_a__aug33,E80_a
E80_a__aug34,E80_a
E80_a__aug35,E80_a
E80_a__aug36,E80_a
E80_a__aug37,E80_a
E80_a__aug38,E80_a
E80_a__aug39,E80_a
E80_a__aug40,E80_a
E80_a__aug41,E80_a
E80_a__aug42,E80_a
E80_a__aug43,E80_a
E80_a__aug44,E80_a
E80_a__aug45,E80_a
E80_a__aug46,E80_a
E80_a__aug47,E80_a
E80_a__aug48,E80_a
E80_a__aug49,E80_a
E80_a__aug50,E80_a
E80_a__aug51,E80_a
E80_a__aug52,E80_a
E80_a__aug53,E80_a
E80_a__aug54,E80_a
E80_a__aug55,E80_a
E80_a__aug56,E80_a
E80_a__aug57,E80_a
E80_a__aug58,E80_a
E80_a__aug59,E80_a
E80_a__aug60,E80_a
E80_a__aug61,E80_a
E80_a__aug62,E80_a
E80_a__aug63,E80_a
E80_a__aug64,E80_a
E80_a__aug65,E80_a
E80_a__aug66,E80_a
E80_a__aug67,E80_a
E80_a__aug68,E80_a
E80_a__aug69,E80_a
E80_a__aug70,E80_a
E80_a__aug71,E80_a
E80_a__aug72,E80_a
E80_a__aug73,E80_a
E80_a__aug74,E80_a
E80_a__aug75,E80_a
E80_a__aug76,E80_a
E80_a__aug77,E80_a
E80_a__aug78,E80_a
E80_a__aug79,E80_a
E80_a__aug80,E80_a
E80_a__aug81,E80_a
E80_a__aug82,E80_a
E80_a__aug83,E80_a
E80_a__aug84,E80_a
E80_a__aug85,E80_a
E80_a__aug86,E80_a
E80_a__aug87,E80_a
E80_a__aug88,E80_a
E80_a__aug89,E80_a
E80_a__aug90,E80_a
E80_a__aug91,E80_a
E80_a__aug92,E80_a
E80_a__aug93,E80_a
E80_a__aug94,E80_a
E80_a__aug95,E80_a
E80_a__aug96,E80_a
E80_a__aug97,E80_a
E80_a__aug98,E80_a
E80_a__aug99,E80_a
E10_a__aug0,E10_a
E10_a__aug1,E10_a
E10_a__aug2,E10_a
E10_a__aug3,E10_a
E10_a__aug4,E10_a
E10_a__aug5,E10_a
E10_a__aug6,E10_a
E10_a__aug7,E10_a
E10_a__aug8,E10_a
E10_a__aug9,E10_a
E10_a__aug10,E10_a
E10_a__aug11,E10_a
E10_a__aug12,E10_a
E10_a__aug13,E10_a
E10_a__aug14,E10_a
E10_a__aug15,E10_a
E10_a__aug16,E10_a
E10_a__aug17,E10_a
E10_a__aug18,E10_a
E10_a__aug19,E10_a
E10_a__aug20,E10_a
E10_a__aug21,E10_a
E10_a__aug22,E10_a
E10_a__aug23,E10_a
E10_a__aug24,E10_a
E10_a__aug25,E10_a
E10_a__aug26,E10_a
E10_a__aug27,E10_a
E10_a__aug28,E10_a
E10_a__aug29,E10_a
E10_a__aug30,E10_a
E10_a__aug31,E10_a
E10_a__aug32,E10_a
E10_a__aug33,E10_a
E10_a__aug34,E10_a
E10_a__aug35,E10_a
E10_a__aug36,E10_a
E10_a__aug37,E10_a
E10_a__aug38,E10_a
E10_a__aug39,E10_a
E10_a__aug40,E10_a
E10_a__aug41,E10_a
E10_a__aug42,E10_a
E10_a__aug43,E10_a
E10_a__aug44,E10_a
E10_a__aug45,E10_a
E10_a__aug46,E10_a
E10_a__aug47,E10_a
E10_a__aug48,E10_a
E10_a__aug49,E10_a
E10_a__aug50,E10_a
E10_a__aug51,E10_a
E10_a__aug52,E10_a
E10_a__aug53,E10_a
E10_a__aug54,E10_a
E10_a__aug55,E10_a
E10_a__aug56,E10_a
E10_a__aug57,E10_a
E10_a__aug58,E10_a
E10_a__aug59,E10_a
E10_a__aug60,E10_a
E10_a__aug61,E10_a
E10_a__aug62,E10_a
E10_a__aug63,E10_a
E10_a__aug64,E10_a
E10_a__aug65,E10_a
E10_a__aug66,E10_a
E10_a__aug67,E10_a
E10_a__aug68,E10_a
E10_a__aug69,E10_a
E10_a__aug70,E10_a
E10_a__aug71,E10_a
E10_a__aug72,E10_a
E10_a__aug73,E10_a
E10_a__aug74,E10_a
E10_a__aug75,E10_a
E10_a__aug76,E10_a
E10_a__aug77,E10_a
E10_a__aug78,E10_a
E10_a__aug79,E10_a
E10_a__aug80,E10_a
E10_a__aug81,E10_a
E10_a__aug82,E10_a
E10_a__aug83,E10_a
E10_a__aug84,E10_a
E10_a__aug85,E10_a
E10_a__aug86,E10_a
E10_a__aug87,E10_a
E10_a__aug88,E10_a
E10_a__aug89,E10_a
E10_a__aug90,E10_a
E10_a__aug91,E10_a
E10_a__aug92,E10_a
E10_a__aug93,E10_a
E10_a__aug94,E10_a
E10_a__aug95,E10_a
E10_a__aug96,E10_a
E10_a__aug97,E10_a
E10_a__aug98,E10_a
E10_a__aug99,E10_a
Ethanol__aug0,Ethanol
Ethanol__aug1,Ethanol
Ethanol__aug2,Ethanol
Ethanol__aug3,Ethanol
Ethanol__aug4,Ethanol
Ethanol__aug5,Ethanol
Ethanol__aug6,Ethanol
Ethanol__aug7,Ethanol
Ethanol__aug8,Ethanol
Ethanol__aug9,Ethanol
Ethanol__aug10,Ethanol
Ethanol__aug11,Ethanol
Ethanol__aug12,Ethanol
Ethanol__aug13,Ethanol
Ethanol__aug14,Ethanol
Ethanol__aug15,Ethanol
Ethanol__aug16,Ethanol
Ethanol__aug17,Ethanol
Ethanol__aug18,Ethanol
Ethanol__aug19,Ethanol
Ethanol__aug20,Ethanol
Ethanol__aug21,Ethanol
Ethanol__aug22,Ethanol
Ethanol__aug23,Ethanol
Ethanol__aug24,Ethanol
Ethanol__aug25,Ethanol
Ethanol__aug26,Ethanol
Ethanol__aug27,Ethanol
Ethanol__aug28,Ethanol
Ethanol__aug29,Ethanol
Ethanol__aug30,Ethanol
Ethanol__aug31,Ethanol
Ethanol__aug32,Ethanol
Ethanol__aug33,Ethanol
Ethanol__aug34,Ethanol
Ethanol__aug35,Ethanol
Ethanol__aug36,Ethanol
Ethanol__aug37,Ethanol
Ethanol__aug38,Ethanol
Ethanol__aug39,Ethanol
Ethanol__aug40,Ethanol
Ethanol__aug41,Ethanol
Ethanol__aug42,Ethanol
Ethanol__aug43,Ethanol
Ethanol__aug44,Ethanol
Ethanol__aug45,Ethanol
Ethanol__aug46,Ethanol
Ethanol__aug47,Ethanol
Ethanol__aug48,Ethanol
Ethanol__aug49,Ethanol
Ethanol__aug50,Ethanol
Ethanol__aug51,Ethanol
Ethanol__aug52,Ethanol
Ethanol__aug53,Ethanol
Ethanol__aug54,Ethanol
Ethanol__aug55,Ethanol
Ethanol__aug56,Ethanol
Ethanol__aug57,Ethanol
Ethanol__aug58,Ethanol
Ethanol__aug59,Ethanol
Ethanol__aug60,Ethanol
Ethanol__aug61,Ethanol
Ethanol__aug62,Ethanol
Ethanol__aug63,Ethanol
Ethanol__aug64,Ethanol
Ethanol__aug65,Ethanol
Ethanol__aug66,Ethanol
Ethanol__aug67,Ethanol
Ethanol__aug68,Ethanol
Ethanol__aug69,Ethanol
Ethanol__aug70,Ethanol
Ethanol__aug71,Ethanol
Ethanol__aug72,Ethanol
Ethanol__aug73,Ethanol
Ethanol__aug74,Ethanol
Ethanol__aug75,Ethanol
Ethanol__aug76,Ethanol
Ethanol__aug77,Ethanol
Ethanol__aug78,Ethanol
Ethanol__aug79,Ethanol
Ethanol__aug80,Ethanol
Ethanol__aug81,Ethanol
Ethanol__aug82,Ethanol
Ethanol__aug83,Ethanol
Ethanol__aug84,Ethanol
Ethanol__aug85,Ethanol
Ethanol__aug86,Ethanol
Ethanol__aug87,Ethanol
Ethanol__aug88,Ethanol
Ethanol__aug89,Ethanol
Ethanol__aug90,Ethanol
Ethanol__aug91,Ethanol
Ethanol__aug92,Ethanol
Ethanol__aug93,Ethanol
Ethanol__aug94,Ethanol
Ethanol__aug95,Ethanol
Ethanol__aug96,Ethanol
Ethanol__aug97,Ethanol
Ethanol__aug98,Ethanol
Ethanol__aug99,Ethanol
E80_c__aug0,E80_c
E80_c__aug1,E80_c
E80_c__aug2,E80_c
E80_c__aug3,E80_c
E80_c__aug4,E80_c
E80_c__aug5,E80_c
E80_c__aug6,E80_c
E80_c__aug7,E80_c
E80_c__aug8,E80_c
E80_c__aug9,E80_c
E80_c__aug10,E80_c
E80_c__aug11,E80_c
E80_c__aug12,E80_c
E80_c__aug13,E80_c
E80_c__aug14,E80_c
E80_c__aug15,E80_c
E80_c__aug16,E80_c
E80_c__aug17,E80_c
E80_c__aug18,E80_c
E80_c__aug19,E80_c
E80_c__aug20,E80_c
E80_c__aug21,E80_c
E80_c__aug22,E80_c
E80_c__aug23,E80_c
E80_c__aug24,E80_c
E80_c__aug25,E80_c
E80_c__aug26,E80_c
E80_c__aug27,E80_c
E80_c__aug28,E80_c
E80_c__aug29,E80_c
E80_c__aug30,E80_c
E80_c__aug31,E80_c
E80_c__aug32,E80_c
E80_c__aug33,E80_c
E80_c__aug34,E80_c
E80_c__aug35,E80_c
E80_c__aug36,E80_c
E80_c__aug37,E80_c
E80_c__aug38,E80_c
E80_c__aug39,E80_c
E80_c__aug40,E80_c
E80_c__aug41,E80_c
E80_c__aug42,E80_c
E80_c__aug43,E80_c
E80_c__aug44,E80_c
E80_c__aug45,E80_c
E80_c__aug46,E80_c
E80_c__aug47,E80_c
E80_c__aug48,E80_c
E80_c__aug49,E80_c
E80_c__aug50,E80_c
E80_c__aug51,E80_c
E80_c__aug52,E80_c
E80_c__aug53,E80_c
E80_c__aug54,E80_c
E80_c__aug55,E80_c
E80_c__aug56,E80_c
E80_c__aug57,E80_c
E80_c__aug58,E80_c
E80_c__aug59,E80_c
E80_c__aug60,E80_c
E80_c__aug61,E80_c
E80_c__aug62,E80_c
E80_c__aug63,E80_c
E80_c__aug64,E80_c
E80_c__aug65,E80_c
E80_c__aug66,E80_c
E80_c__aug67,E80_c
E80_c__aug68,E80_c
E80_c__aug69,E80_c
E80_c__aug70,E80_c
E80_c__aug71,E80_c
E80_c__aug72,E80_c
E80_c__aug73,E80_c
E80_c__aug74,E80_c
E80_c__aug75,E80_c
E80_c__aug76,E80_c
E80_c__aug77,E80_c
E80_c__aug78,E80_c
E80_c__aug79,E80_c
E80_c__aug80,E80_c
E80_c__aug81,E80_c
E80_c__aug82,E80_c
E80_c__aug83,E80_c
E80_c__aug84,E80_c
E80_c__aug85,E80_c
E80_c__aug86,E80_c
E80_c__aug87,E80_c
E80_c__aug88,E80_c
E80_c__aug89,E80_c
E80_c__aug90,E80_c
E80_c__aug91,E80_c
E80_c__aug92,E80_c
E80_c__aug93,E80_c
E80_c__aug94,E80_c
E80_c__aug95,E80_c
E80_c__aug96,E80_c
E80_c__aug97,E80_c
E80_c__aug98,E80_c
E80_c__aug99,E80_c
E90_c__aug0,E90_c
E90_c__aug1,E90_c
E90_c__aug2,E90_c
E90_c__aug3,E90_c
E90_c__aug4,E90_c
E90_c__aug5,E90_c
E90_c__aug6,E90_c
E90_c__aug7,E90_c
E90_c__aug8,E90_c
E90_c__aug9,E90_c
E90_c__aug10,E90_c
E90_c__aug11,E90_c
E90_c__aug12,E90_c
E90_c__aug13,E90_c
E90_c__aug14,E90_c
E90_c__aug15,E90_c
E90_c__aug16,E90_c
E90_c__aug17,E90_c
E90_c__aug18,E90_c
E90_c__aug19,E90_c
E90_c__aug20,E90_c
E90_c__aug21,E90_c
E90_c__aug22,E90_c
E90_c__aug23,E90_c
E90_c__aug24,E90_c
E90_c__aug25,E90_c
E90_c__aug26,E90_c
E90_c__aug27,E90_c
E90_c__aug28,E90_c
E90_c__aug29,E90_c
E90_c__aug30,E90_c
E90_c__aug31,E90_c
E90_c__aug32,E90_c
E90_c__aug33,E90_c
E90_c__aug34,E90_c
E90_c__aug35,E90_c
E90_c__aug36,E90_c
E90_c__aug37,E90_c
E90_c__aug38,E90_c
E90_c__aug39,E90_c
E90_c__aug40,E90_c
E90_c__aug41,E90_c
E90_c__aug42,E90_c
E90_c__aug43,E90_c
E90_c__aug44,E90_c
E90_c__aug45,E90_c
E90_c__aug46,E90_c
E90_c__aug47,E90_c
E90_c__aug48,E90_c
E90_c__aug49,E90_c
E90_c__aug50,E90_c
E90_c__aug51,E90_c
E90_c__aug52,E90_c
E90_c__aug53,E90_c
E90_c__aug54,E90_c
E90_c__aug55,E90_c
E90_c__aug56,E90_c
E90_c__aug57,E90_c
E90_c__aug58,E90_c
E90_c__aug59,E90_c
E90_c__aug60,E90_c
E90_c__aug61,E90_c
E90_c__aug62,E90_c
E90_c__aug63,E90_c
E90_c__aug64,E90_c
E90_c__aug65,E90_c
E90_c__aug66,E90_c
E90_c__aug67,E90_c
E90_c__aug68,E90_c
E90_c__aug69,E90_c
E90_c__aug70,E90_c
E90_c__aug71,E90_c
E90_c__aug72,E90_c
E90_c__aug73,E90_c
E90_c__aug74,E90_c
E90_c__aug75,E90_c
E90_c__aug76,E90_c
E90_c__aug77,E90_c
E90_c__aug78,E90_c
E90_c__aug79,E90_c
E90_c__aug80,E90_c
E90_c__aug81,E90_c
E90_c__aug82,E90_c
E90_c__aug83,E90_c
E90_c__aug84,E90_c
E90_c__aug85,E90_c
E90_c__aug86,E90_c
E90_c__aug87,E90_c
E90_c__aug88,E90_c
E90_c__aug89,E90_c
E90_c__aug90,E90_c
E90_c__aug91,E90_c
E90_c__aug92,E90_c
E90_c__aug93,E90_c
E90_c__aug94,E90_c
E90_c__aug95,E90_c
E90_c__aug96,E90_c
E90_c__aug97,E90_c
E90_c__aug98,E90_c
E90_c__aug99,E90_c
EM4_a__aug0,EM4_a
EM4_a__aug1,EM4_a
EM4_a__aug2,EM4_a
EM4_a__aug3,EM4_a
EM4_a__aug4,EM4_a
EM4_a__aug5,EM4_a
EM4_a__aug6,EM4_a
EM4_a__aug7,EM4_a
EM4_a__aug8,EM4_a
EM4_a__aug9,EM4_a
EM4_a__aug10,EM4_a
EM4_a__aug11,EM4_a
EM4_a__aug12,EM4_a
EM4_a__aug13,EM4_a
EM4_a__aug14,EM4_a
EM4_a__aug15,EM4_a
EM4_a__aug16,EM4_a
EM4_a__aug17,EM4_a
EM4_a__aug18,EM4_a
EM4_a__aug19,EM4_a
EM4_a__aug20,EM4_a
EM4_a__aug21,EM4_a
EM4_a__aug22,EM4_a
EM4_a__aug23,EM4_a
EM4_a__aug24,EM4_a
EM4_a__aug25,EM4_a
EM4_a__aug26,EM4_a
EM4_a__aug27,EM4_a
EM4_a__aug28,EM4_a
EM4_a__aug29,EM4_a
EM4_a__aug30,EM4_a
EM4_a__aug31,EM4_a
EM4_a__aug32,EM4_a
EM4_a__aug33,EM4_a
EM4_a__aug34,EM4_a
EM4_a__aug35,EM4_a
EM4_a__aug36,EM4_a
EM4_a__aug37,EM4_a
EM4_a__aug38,EM4_a
EM4_a__aug39,EM4_a
EM4_a__aug40,EM4_a
EM4_a__aug41,EM4_a
EM4_a__aug42,EM4_a
EM4_a__aug43,EM4_a
EM4_a__aug44,EM4_a
EM4_a__aug45,EM4_a
EM4_a__aug46,EM4_a
EM4_a__aug47,EM4_a
EM4_a__aug48,EM4_a
EM4_a__aug49,EM4_a
EM4_a__aug50,EM4_a
EM4_a__aug51,EM4_a
EM4_a__aug52,EM4_a
EM4_a__aug53,EM4_a
EM4_a__aug54,EM4_a
EM4_a__aug55,EM4_a
EM4_a__aug56,EM4_a
EM4_a__aug57,EM4_a
EM4_a__aug58,EM4_a
EM4_a__aug59,EM4_a
EM4_a__aug60,EM4_a
EM4_a__aug61,EM4_a
EM4_a__aug62,EM4_a
EM4_a__aug63,EM4_a
EM4_a__aug64,EM4_a
EM4_a__aug65,EM4_a
EM4_a__aug66,EM4_a
EM4_a__aug67,EM4_a
EM4_a__aug68,EM4_a
EM4_a__aug69,EM4_a
EM4_a__aug70,EM4_a
EM4_a__aug71,EM4_a
EM4_a__aug72,EM4_a
EM4_a__aug73,EM4_a
EM4_a__aug74,EM4_a
EM4_a__aug75,EM4_a
EM4_a__aug76,EM4_a
EM4_a__aug77,EM4_a
EM4_a__aug78,EM4_a
EM4_a__aug79,EM4_a
EM4_a__aug80,EM4_a
EM4_a__aug81,EM4_a
EM4_a__aug82,EM4_a
EM4_a__aug83,EM4_a
EM4_a__aug84,EM4_a
EM4_a__aug85,EM4_a
EM4_a__aug86,EM4_a
EM4_a__aug87,EM4_a
EM4_a__aug88,EM4_a
EM4_a__aug89,EM4_a
EM4_a__aug90,EM4_a
EM4_a__aug91,EM4_a
EM4_a__aug92,EM4_a
EM4_a__aug93,EM4_a
EM4_a__aug94,EM4_a
EM4_a__aug95,EM4_a
EM4_a__aug96,EM4_a
EM4_a__aug97,EM4_a
EM4_a__aug98,EM4_a
EM4_a__aug99,EM4_a
EM1_b__aug0,EM1_b
EM1_b__aug1,EM1_b
EM1_b__aug2,EM1_b
EM1_b__aug3,EM1_b
EM1_b__aug4,EM1_b
EM1_b__aug5,EM1_b
EM1_b__aug6,EM1_b
EM1_b__aug7,EM1_b
EM1_b__aug8,EM1_b
EM1_b__aug9,EM1_b
EM1_b__aug10,EM1_b
EM1_b__aug11,EM1_b
EM1_b__aug12,EM1_b
EM1_b__aug13,EM1_b
EM1_b__aug14,EM1_b
EM1_b__aug15,EM1_b
EM1_b__aug16,EM1_b
EM1_b__aug17,EM1_b
EM1_b__aug18,EM1_b
EM1_b__aug19,EM1_b
EM1_b__aug20,EM1_b
EM1_b__aug21,EM1_b
EM1_b__aug22,EM1_b
EM1_b__aug23,EM1_b
EM1_b__aug24,EM1_b
EM1_b__aug25,EM1_b
EM1_b__aug26,EM1_b
EM1_b__aug27,EM1_b
EM1_b__aug28,EM1_b
EM1_b__aug29,EM1_b
EM1_b__aug30,EM1_b
EM1_b__aug31,EM1_b
EM1_b__aug32,EM1_b
EM1_b__aug33,EM1_b
EM1_b__aug34,EM1_b
EM1_b__aug35,EM1_b
EM1_b__aug36,EM1_b
EM1_b__aug37,EM1_b
EM1_b__aug38,EM1_b
EM1_b__aug39,EM1_b
EM1_b__aug40,EM1_b
EM1_b__aug41,EM1_b
EM1_b__aug42,EM1_b
EM1_b__aug43,EM1_b
EM1_b__aug44,EM1_b
EM1_b__aug45,EM1_b
EM1_b__aug46,EM1_b
EM1_b__aug47,EM1_b
EM1_b__aug48,EM1_b
EM1_b__aug49,EM1_b
EM1_b__aug50,EM1_b
EM1_b__aug51,EM1_b
EM1_b__aug52,EM1_b
EM1_b__aug53,EM1_b
EM1_b__aug54,EM1_b
EM1_b__aug55,EM1_b
EM1_b__aug56,EM1_b
EM1_b__aug57,EM1_b
EM1_b__aug58,EM1_b
EM1_b__aug59,EM1_b
EM1_b__aug60,EM1_b
EM1_b__aug61,EM1_b
EM1_b__aug62,EM1_b
EM1_b__aug63,EM1_b
EM1_b__aug64,EM1_b
EM1_b__aug65,EM1_b
EM1_b__aug66,EM1_b
EM1_b__aug67,EM1_b
EM1_b__aug68,EM1_b
EM1_b__aug69,EM1_b
EM1_b__aug70,EM1_b
EM1_b__aug71,EM1_b
EM1_b__aug72,EM1_b
EM1_b__aug73,EM1_b
EM1_b__aug74,EM1_b
EM1_b__aug75,EM1_b
EM1_b__aug76,EM1_b
EM1_b__aug77,EM1_b
EM1_b__aug78,EM1_b
EM1_b__aug79,EM1_b
EM1_b__aug80,EM1_b
EM1_b__aug81,EM1_b
EM1_b__aug82,EM1_b
EM1_b__aug83,EM1_b
EM1_b__aug84,EM1_b
EM1_b__aug85,EM1_b
EM1_b__aug86,EM1_b
EM1_b__aug87,EM1_b
EM1_b__aug88,EM1_b
EM1_b__aug89,EM1_b
EM1_b__aug90,EM1_b
EM1_b__aug91,EM1_b
EM1_b__aug92,EM1_b
EM1_b__aug93,EM1_b
EM1_b__aug94,EM1_b
EM1_b__aug95,EM1_b
EM1_b__aug96,EM1_b
EM1_b__aug97,EM1_b
EM1_b__aug98,EM1_b
EM1_b__aug99,EM1_b
E70_a__aug0,E70_a
E70_a__aug1,E70_a
E70_a__aug2,E70_a
E70_a__aug3,E70_a
E70_a__aug4,E70_a
E70_a__aug5,E70_a
E70_a__aug6,E70_a
E70_a__aug7,E70_a
E70_a__aug8,E70_a
E70_a__aug9,E70_a
E70_a__aug10,E70_a
E70_a__aug11,E70_a
E70_a__aug12,E70_a
E70_a__aug13,E70_a
E70_a__aug14,E70_a
E70_a__aug15,E70_a
E70_a__aug16,E70_a
E70_a__aug17,E70_a
E70_a__aug18,E70_a
E70_a__aug19,E70_a
E70_a__aug20,E70_a
E70_a__aug21,E70_a
E70_a__aug22,E70_a
E70_a__aug23,E70_a
E70_a__aug24,E70_a
E70_a__aug25,E70_a
E70_a__aug26,E70_a
E70_a__aug27,E70_a
E70_a__aug28,E70_a
E70_a__aug29,E70_a
E70_a__aug30,E70_a
E70_a__aug31,E70_a
E70_a__aug32,E70_a
E70_a__aug33,E70_a
E70_a__aug34,E70_a
E70_a__aug35,E70_a
E70_a__aug36,E70_a
E70_a__aug37,E70_a
E70_a__aug38,E70_a
E70_a__aug39,E70_a
E70_a__aug40,E70_a
E70_a__aug41,E70_a
E70_a__aug42,E70_a
E70_a__aug43,E70_a
E70_a__aug44,E70_a
E70_a__aug45,E70_a
E70_a__aug46,E70_a
E70_a__aug47,E70_a
E70_a__aug48,E70_a
E70_a__aug49,E70_a
E70_a__aug50,E70_a
E70_a__aug51,E70_a
E70_a__aug52,E70_a
E70_a__aug53,E70_a
E70_a__aug54,E70_a
E70_a__aug55,E70_a
E70_a__aug56,E70_a
E70_a__aug57,E70_a
E70_a__aug58,E70_a
E70_a__aug59,E70_a
E70_a__aug60,E70_a
E70_a__aug61,E70_a
E70_a__aug62,E70_a
E70_a__aug63,E70_a
E70_a__aug64,E70_a
E70_a__aug65,E70_a
E70_a__aug66,E70_a
E70_a__aug67,E70_a
E70_a__aug68,E70_a
E70_a__aug69,E70_a
E70_a__aug70,E70_a
E70_a__aug71,E70_a
E70_a__aug72,E70_a
E70_a__aug73,E70_a
E70_a__aug74,E70_a
E70_a__aug75,E70_a
E70_a__aug76,E70_a
E70_a__aug77,E70_a
E70_a__aug78,E70_a
E70_a__aug79,E70_a
E70_a__aug80,E70_a
E70_a__aug81,E70_a
E70_a__aug82,E70_a
E70_a__aug83,E70_a
E70_a__aug84,E70_a
E70_a__aug85,E70_a
E70_a__aug86,E70_a
E70_a__aug87,E70_a
E70_a__aug88,E70_a
E70_a__aug89,E70_a
E70_a__aug90,E70_a
E70_a__aug91,E70_a
E70_a__aug92,E70_a
E70_a__aug93,E70_a
E70_a__aug94,E70_a
E70_a__aug95,E70_a
E70_a__aug96,E70_a
E70_a__aug97,E70_a
E70_a__aug98,E70_a
E70_a__aug99,E70_a
Methanol__aug0,Methanol
Methanol__aug1,Methanol
Methanol__aug2,Methanol
Methanol__aug3,Methanol
Methanol__aug4,Methanol
Methanol__aug5,Methanol
Methanol__aug6,Methanol
Methanol__aug7,Methanol
Methanol__aug8,Methanol
Methanol__aug9,Methanol
Methanol__aug10,Methanol
Methanol__aug11,Methanol
Methanol__aug12,Methanol
Methanol__aug13,Methanol
Methanol__aug14,Methanol
Methanol__aug15,Methanol
Methanol__aug16,Methanol
Methanol__aug17,Methanol
Methanol__aug18,Methanol
Methanol__aug19,Methanol
Methanol__aug20,Methanol
Methanol__aug21,Methanol
Methanol__aug22,Methanol
Methanol__aug23,Methanol
Methanol__aug24,Methanol
Methanol__aug25,Methanol
Methanol__aug26,Methanol
Methanol__aug27,Methanol
Methanol__aug28,Methanol
Methanol__aug29,Methanol
Methanol__aug30,Methanol
Methanol__aug31,Methanol
Methanol__aug32,Methanol
Methanol__aug33,Methanol
Methanol__aug34,Methanol
Methanol__aug35,Methanol
Methanol__aug36,Methanol
Methanol__aug37,Methanol
Methanol__aug38,Methanol
Methanol__aug39,Methanol
Methanol__aug40,Methanol
Methanol__aug41,Methanol
Methanol__aug42,Methanol
Methanol__aug43,Methanol
Methanol__aug44,Methanol
Methanol__aug45,Methanol
Methanol__aug46,Methanol
Methanol__aug47,Methanol
Methanol__aug48,Methanol
Methanol__aug49,Methanol
Methanol__aug50,Methanol
Methanol__aug51,Methanol
Methanol__aug52,Methanol
Methanol__aug53,Methanol
Methanol__aug54,Methanol
Methanol__aug55,Methanol
Methanol__aug56,Methanol
Methanol__aug57,Methanol
Methanol__aug58,Methanol
Methanol__aug59,Methanol
Methanol__aug60,Methanol
Methanol__aug61,Methanol
Methanol__aug62,Methanol
Methanol__aug63,Methanol
Methanol__aug64,Methanol
Methanol__aug65,Methanol
Methanol__aug66,Methanol
Methanol__aug67,Methanol
Methanol__aug68,Methanol
Methanol__aug69,Methanol
Methanol__aug70,Methanol
Methanol__aug71,Methanol
Methanol__aug72,Methanol
Methanol__aug73,Methanol
Methanol__aug74,Methanol
Methanol__aug75,Methanol
Methanol__aug76,Methanol
Methanol__aug77,Methanol
Methanol__aug78,Methanol
Methanol__aug79,Methanol
Methanol__aug80,Methanol
Methanol__aug81,Methanol
Methanol__aug82,Methanol
Methanol__aug83,Methanol
Methanol__aug84,Methanol
Methanol__aug85,Methanol
Methanol__aug86,Methanol
Methanol__aug87,Methanol
Methanol__aug88,Methanol
Methanol__aug89,Methanol
Methanol__aug90,Methanol
Methanol__aug91,Methanol
Methanol__aug92,Methanol
Methanol__aug93,Methanol
Methanol__aug94,Methanol
Methanol__aug95,Methanol
Methanol__aug96,Methanol
Methanol__aug97,Methanol
Methanol__aug98,Methanol
Methanol__aug99,Methanol
E30_c__aug0,E30_c
E30_c__aug1,E30_c
E30_c__aug2,E30_c
E30_c__aug3,E30_c
E30_c__aug4,E30_c
E30_c__aug5,E30_c
E30_c__aug6,E30_c
E30_c__aug7,E30_c
E30_c__aug8,E30_c
E30_c__aug9,E30_c
E30_c__aug10,E30_c
E30_c__aug11,E30_c
E30_c__aug12,E30_c
E30_c__aug13,E30_c
E30_c__aug14,E30_c
E30_c__aug15,E30_c
E30_c__aug16,E30_c
E30_c__aug17,E30_c
E30_c__aug18,E30_c
E30_c__aug19,E30_c
E30_c__aug20,E30_c
E30_c__aug21,E30_c
E30_c__aug22,E30_c
E30_c__aug23,E30_c
E30_c__aug24,E30_c
E30_c__aug25,E30_c
E30_c__aug26,E30_c
E30_c__aug27,E30_c
E30_c__aug28,E30_c
E30_c__aug29,E30_c
E30_c__aug30,E30_c
E30_c__aug31,E30_c
E30_c__aug32,E30_c
E30_c__aug33,E30_c
E30_c__aug34,E30_c
E30_c__aug35,E30_c
E30_c__aug36,E30_c
E30_c__aug37,E30_c
E30_c__aug38,E30_c
E30_c__aug39,E30_c
E30_c__aug40,E30_c
E30_c__aug41,E30_c
E30_c__aug42,E30_c
E30_c__aug43,E30_c
E30_c__aug44,E30_c
E30_c__aug45,E30_c
E30_c__aug46,E30_c
E30_c__aug47,E30_c
E30_c__aug48,E30_c
E30_c__aug49,E30_c
E30_c__aug50,E30_c
E30_c__aug51,E30_c
E30_c__aug52,E30_c
E30_c__aug53,E30_c
E30_c__aug54,E30_c
E30_c__aug55,E30_c
E30_c__aug56,E30_c
E30_c__aug57,E30_c
E30_c__aug58,E30_c
E30_c__aug59,E30_c
E30_c__aug60,E30_c
E30_c__aug61,E30_c
E30_c__aug62,E30_c
E30_c__aug63,E30_c
E30_c__aug64,E30_c
E30_c__aug65,E30_c
E30_c__aug66,E30_c
E30_c__aug67,E30_c
E30_c__aug68,E30_c
E30_c__aug69,E30_c
E30_c__aug70,E30_c
E30_c__aug71,E30_c
E30_c__aug72,E30_c
E30_c__aug73,E30_c
E30_c__aug74,E30_c
E30_c__aug75,E30_c
E30_c__aug76,E30_c
E30_c__aug77,E30_c
E30_c__aug78,E30_c
E30_c__aug79,E30_c
E30_c__aug80,E30_c
E30_c__aug81,E30_c
E30_c__aug82,E30_c
E30_c__aug83,E30_c
E30_c__aug84,E30_c
E30_c__aug85,E30_c
E30_c__aug86,E30_c
E30_c__aug87,E30_c
E30_c__aug88,E30_c
E30_c__aug89,E30_c
E30_c__aug90,E30_c
E30_c__aug91,E30_c
E30_c__aug92,E30_c
E30_c__aug93,E30_c
E30_c__aug94,E30_c
E30_c__aug95,E30_c
E30_c__aug96,E30_c
E30_c__aug97,E30_c
E30_c__aug98,E30_c
E30_c__aug99,E30_c
EM8_c__aug0,EM8_c
EM8_c__aug1,EM8_c
EM8_c__aug2,EM8_c
EM8_c__aug3,EM8_c
EM8_c__aug4,EM8_c
EM8_c__aug5,EM8_c
EM8_c__aug6,EM8_c
EM8_c__aug7,EM8_c
EM8_c__aug8,EM8_c
EM8_c__aug9,EM8_c
EM8_c__aug10,EM8_c
EM8_c__aug11,EM8_c
EM8_c__aug12,EM8_c
EM8_c__aug13,EM8_c
EM8_c__aug14,EM8_c
EM8_c__aug15,EM8_c
EM8_c__aug16,EM8_c
EM8_c__aug17,EM8_c
EM8_c__aug18,EM8_c
EM8_c__aug19,EM8_c
EM8_c__aug20,EM8_c
EM8_c__aug21,EM8_c
EM8_c__aug22,EM8_c
EM8_c__aug23,EM8_c
EM8_c__aug24,EM8_c
EM8_c__aug25,EM8_c
EM8_c__aug26,EM8_c
EM8_c__aug27,EM8_c
EM8_c__aug28,EM8_c
EM8_c__aug29,EM8_c
EM8_c__aug30,EM8_c
EM8_c__aug31,EM8_c
EM8_c__aug32,EM8_c
EM8_c__aug33,EM8_c
EM8_c__aug34,EM8_c
EM8_c__aug35,EM8_c
EM8_c__aug36,EM8_c
EM8_c__aug37,EM8_c
EM8_c__aug38,EM8_c
EM8_c__aug39,EM8_c
EM8_c__aug40,EM8_c
EM8_c__aug41,EM8_c
EM8_c__aug42,EM8_c
EM8_c__aug43,EM8_c
EM8_c__aug44,EM8_c
EM8_c__aug45,EM8_c
EM8_c__aug46,EM8_c
EM8_c__aug47,EM8_c
EM8_c__aug48,EM8_c
EM8_c__aug49,EM8_c
EM8_c__aug50,EM8_c
EM8_c__aug51,EM8_c
EM8_c__aug52,EM8_c
EM8_c__aug53,EM8_c
EM8_c__aug54,EM8_c
EM8_c__aug55,EM8_c
EM8_c__aug56,EM8_c
EM8_c__aug57,EM8_c
EM8_c__aug58,EM8_c
EM8_c__aug59,EM8_c
EM8_c__aug60,EM8_c
EM8_c__aug61,EM8_c
EM8_c__aug62,EM8_c
EM8_c__aug63,EM8_c
EM8_c__aug64,EM8_c
EM8_c__aug65,EM8_c
EM8_c__aug66,EM8_c
EM8_c__aug67,EM8_c
EM8_c__aug68,EM8_c
EM8_c__aug69,EM8_c
EM8_c__aug70,EM8_c
EM8_c__aug71,EM8_c
EM8_c__aug72,EM8_c
EM8_c__aug73,EM8_c
EM8_c__aug74,EM8_c
EM8_c__aug75,EM8_c
EM8_c__aug76,EM8_c
EM8_c__aug77,EM8_c
EM8_c__aug78,EM8_c
EM8_c__aug79,EM8_c
EM8_c__aug80,EM8_c
EM8_c__aug81,EM8_c
EM8_c__aug82,EM8_c
EM8_c__aug83,EM8_c
EM8_c__aug84,EM8_c
EM8_c__aug85,EM8_c
EM8_c__aug86,EM8_c
EM8_c__aug87,EM8_c
EM8_c__aug88,EM8_c
EM8_c__aug89,EM8_c
EM8_c__aug90,EM8_c
EM8_c__aug91,EM8_c
EM8_c__aug92,EM8_c
EM8_c__aug93,EM8_c
EM8_c__aug94,EM8_c
EM8_c__aug95,EM8_c
EM8_c__aug96,EM8_c
EM8_c__aug97,EM8_c
EM8_c__aug98,EM8_c
EM8_c__aug99,EM8_c
EM1_a__aug0,EM1_a
EM1_a__aug1,EM1_a
EM1_a__aug2,EM1_a
EM1_a__aug3,EM1_a
EM1_a__aug4,EM1_a
EM1_a__aug5,EM1_a
EM1_a__aug6,EM1_a
EM1_a__aug7,EM1_a
EM1_a__aug8,EM1_a
EM1_a__aug9,EM1_a
EM1_a__aug10,EM1_a
EM1_a__aug11,EM1_a
EM1_a__aug12,EM1_a
EM1_a__aug13,EM1_a
EM1_a__aug14,EM1_a
EM1_a__aug15,EM1_a
EM1_a__aug16,EM1_a
EM1_a__aug17,EM1_a
EM1_a__aug18,EM1_a
EM1_a__aug19,EM1_a
EM1_a__aug20,EM1_a
EM1_a__aug21,EM1_a
EM1_a__aug22,EM1_a
EM1_a__aug23,EM1_a
EM1_a__aug24,EM1_a
EM1_a__aug25,EM1_a
EM1_a__aug26,EM1_a
EM1_a__aug27,EM1_a
EM1_a__aug28,EM1_a
EM1_a__aug29,EM1_a
EM1_a__aug30,EM1_a
EM1_a__aug31,EM1_a
EM1_a__aug32,EM1_a
EM1_a__aug33,EM1_a
EM1_a__aug34,EM1_a
EM1_a__aug35,EM1_a
EM1_a__aug36,EM1_a
EM1_a__aug37,EM1_a
EM1_a__aug38,EM1_a
EM1_a__aug39,EM1_a
EM1_a__aug40,EM1_a
EM1_a__aug41,EM1_a
EM1_a__aug42,EM1_a
EM1_a__aug43,EM1_a
EM1_a__aug44,EM1_a
EM1_a__aug45,EM1_a
EM1_a__aug46,EM1_a
EM1_a__aug47,EM1_a
EM1_a__aug48,EM1_a
EM1_a__aug49,EM1_a
EM1_a__aug50,EM1_a
EM1_a__aug51,EM1_a
EM1_a__aug52,EM1_a
EM1_a__aug53,EM1_a
EM1_a__aug54,EM1_a
EM1_a__aug55,EM1_a
EM1_a__aug56,EM1_a
EM1_a__aug57,EM1_a
EM1_a__aug58,EM1_a
EM1_a__aug59,EM1_a
EM1_a__aug60,EM1_a
EM1_a__aug61,EM1_a
EM1_a__aug62,EM1_a
EM1_a__aug63,EM1_a
EM1_a__aug64,EM1_a
EM1_a__aug65,EM1_a
EM1_a__aug66,EM1_a
EM1_a__aug67,EM1_a
EM1_a__aug68,EM1_a
EM1_a__aug69,EM1_a
EM1_a__aug70,EM1_a
EM1_a__aug71,EM1_a
EM1_a__aug72,EM1_a
EM1_a__aug73,EM1_a
EM1_a__aug74,EM1_a
EM1_a__aug75,EM1_a
EM1_a__aug76,EM1_a
EM1_a__aug77,EM1_a
EM1_a__aug78,EM1_a
EM1_a__aug79,EM1_a
EM1_a__aug80,EM1_a
EM1_a__aug81,EM1_a
EM1_a__aug82,EM1_a
EM1_a__aug83,EM1_a
EM1_a__aug84,EM1_a
EM1_a__aug85,EM1_a
EM1_a__aug86,EM1_a
EM1_a__aug87,EM1_a
EM1_a__aug88,EM1_a
EM1_a__aug89,EM1_a
EM1_a__aug90,EM1_a
EM1_a__aug91,EM1_a
EM1_a__aug92,EM1_a
EM1_a__aug93,EM1_a
EM1_a__aug94,EM1_a
EM1_a__aug95,EM1_a
EM1_a__aug96,EM1_a
EM1_a__aug97,EM1_a
EM1_a__aug98,EM1_a
EM1_a__aug99,EM1_a
E60_a__aug0,E60_a
E60_a__aug1,E60_a
E60_a__aug2,E60_a
E60_a__aug3,E60_a
E60_a__aug4,E60_a
E60_a__aug5,E60_a
E60_a__aug6,E60_a
E60_a__aug7,E60_a
E60_a__aug8,E60_a
E60_a__aug9,E60_a
E60_a__aug10,E60_a
E60_a__aug11,E60_a
E60_a__aug12,E60_a
E60_a__aug13,E60_a
E60_a__aug14,E60_a
E60_a__aug15,E60_a
E60_a__aug16,E60_a
E60_a__aug17,E60_a
E60_a__aug18,E60_a
E60_a__aug19,E60_a
E60_a__aug20,E60_a
E60_a__aug21,E60_a
E60_a__aug22,E60_a
E60_a__aug23,E60_a
E60_a__aug24,E60_a
E60_a__aug25,E60_a
E60_a__aug26,E60_a
E60_a__aug27,E60_a
E60_a__aug28,E60_a
E60_a__aug29,E60_a
E60_a__aug30,E60_a
E60_a__aug31,E60_a
E60_a__aug32,E60_a
E60_a__aug33,E60_a
E60_a__aug34,E60_a
E60_a__aug35,E60_a
E60_a__aug36,E60_a
E60_a__aug37,E60_a
E60_a__aug38,E60_a
E60_a__aug39,E60_a
E60_a__aug40,E60_a
E60_a__aug41,E60_a
E60_a__aug42,E60_a
E60_a__aug43,E60_a
E60_a__aug44,E60_a
E60_a__aug45,E60_a
E60_a__aug46,E60_a
E60_a__aug47,E60_a
E60_a__aug48,E60_a
E60_a__aug49,E60_a
E60_a__aug50,E60_a
E60_a__aug51,E60_a
E60_a__aug52,E60_a
E60_a__aug53,E60_a
E60_a__aug54,E60_a
E60_a__aug55,E60_a
E60_a__aug56,E60_a
E60_a__aug57,E60_a
E60_a__aug58,E60_a
E60_a__aug59,E60_a
E60_a__aug60,E60_a
E60_a__aug61,E60_a
E60_a__aug62,E60_a
E60_a__aug63,E60_a
E60_a__aug64,E60_a
E60_a__aug65,E60_a
E60_a__aug66,E60_a
E60_a__aug67,E60_a
E60_a__aug68,E60_a
E60_a__aug69,E60_a
E60_a__aug70,E60_a
E60_a__aug71,E60_a
E60_a__aug72,E60_a
E60_a__aug73,E60_a
E60_a__aug74,E60_a
E60_a__aug75,E60_a
E60_a__aug76,E60_a
E60_a__aug77,E60_a
E60_a__aug78,E60_a
E60_a__aug79,E60_a
E60_a__aug80,E60_a
E60_a__aug81,E60_a
E60_a__aug82,E60_a
E60_a__aug83,E60_a
E60_a__aug84,E60_a
E60_a__aug85,E60_a
E60_a__aug86,E60_a
E60_a__aug87,E60_a
E60_a__aug88,E60_a
E60_a__aug89,E60_a
E60_a__aug90,E60_a
E60_a__aug91,E60_a
E60_a__aug92,E60_a
E60_a__aug93,E60_a
E60_a__aug94,E60_a
E60_a__aug95,E60_a
E60_a__aug96,E60_a
E60_a__aug97,E60_a
E60_a__aug98,E60_a
E60_a__aug99,E60_a
EM6_c__aug0,EM6_c
EM6_c__aug1,EM6_c
EM6_c__aug2,EM6_c
EM6_c__aug3,EM6_c
EM6_c__aug4,EM6_c
EM6_c__aug5,EM6_c
EM6_c__aug6,EM6_c
EM6_c__aug7,EM6_c
EM6_c__aug8,EM6_c
EM6_c__aug9,EM6_c
EM6_c__aug10,EM6_c
EM6_c__aug11,EM6_c
EM6_c__aug12,EM6_c
EM6_c__aug13,EM6_c
EM6_c__aug14,EM6_c
EM6_c__aug15,EM6_c
EM6_c__aug16,EM6_c
EM6_c__aug17,EM6_c
EM6_c__aug18,EM6_c
EM6_c__aug19,EM6_c
EM6_c__aug20,EM6_c
EM6_c__aug21,EM6_c
EM6_c__aug22,EM6_c
EM6_c__aug23,EM6_c
EM6_c__aug24,EM6_c
EM6_c__aug25,EM6_c
EM6_c__aug26,EM6_c
EM6_c__aug27,EM6_c
EM6_c__aug28,EM6_c
EM6_c__aug29,EM6_c
EM6_c__aug30,EM6_c
EM6_c__aug31,EM6_c
EM6_c__aug32,EM6_c
EM6_c__aug33,EM6_c
EM6_c__aug34,EM6_c
EM6_c__aug35,EM6_c
EM6_c__aug36,EM6_c
EM6_c__aug37,EM6_c
EM6_c__aug38,EM6_c
EM6_c__aug39,EM6_c
EM6_c__aug40,EM6_c
EM6_c__aug41,EM6_c
EM6_c__aug42,EM6_c
EM6_c__aug43,EM6_c
EM6_c__aug44,EM6_c
EM6_c__aug45,EM6_c
EM6_c__aug46,EM6_c
EM6_c__aug47,EM6_c
EM6_c__aug48,EM6_c
EM6_c__aug49,EM6_c
EM6_c__aug50,EM6_c
EM6_c__aug51,EM6_c
EM6_c__aug52,EM6_c
EM6_c__aug53,EM6_c
EM6_c__aug54,EM6_c
EM6_c__aug55,EM6_c
EM6_c__aug56,EM6_c
EM6_c__aug57,EM6_c
EM6_c__aug58,EM6_c
EM6_c__aug59,EM6_c
EM6_c__aug60,EM6_c
EM6_c__aug61,EM6_c
EM6_c__aug62,EM6_c
EM6_c__aug63,EM6_c
EM6_c__aug64,EM6_c
EM6_c__aug65,EM6_c
EM6_c__aug66,EM6_c
EM6_c__aug67,EM6_c
EM6_c__aug68,EM6_c
EM6_c__aug69,EM6_c
EM6_c__aug70,EM6_c
EM6_c__aug71,EM6_c
EM6_c__aug72,EM6_c
EM6_c__aug73,EM6_c
EM6_c__aug74,EM6_c
EM6_c__aug75,EM6_c
EM6_c__aug76,EM6_c
EM6_c__aug77,EM6_c
EM6_c__aug78,EM6_c
EM6_c__aug79,EM6_c
EM6_c__aug80,EM6_c
EM6_c__aug81,EM6_c
EM6_c__aug82,EM6_c
EM6_c__aug83,EM6_c
EM6_c__aug84,EM6_c
EM6_c__aug85,EM6_c
EM6_c__aug86,EM6_c
EM6_c__aug87,EM6_c
EM6_c__aug88,EM6_c
EM6_c__aug89,EM6_c
EM6_c__aug90,EM6_c
EM6_c__aug91,EM6_c
EM6_c__aug92,EM6_c
EM6_c__aug93,EM6_c
EM6_c__aug94,EM6_c
EM6_c__aug95,EM6_c
EM6_c__aug96,EM6_c
EM6_c__aug97,EM6_c
EM6_c__aug98,EM6_c
EM6_c__aug99,EM6_c
E50_c__aug0,E50_c
E50_c__aug1,E50_c
E50_c__aug2,E50_c
E50_c__aug3,E50_c
E50_c__aug4,E50_c
E50_c__aug5,E50_c
E50_c__aug6,E50_c
E50_c__aug7,E50_c
E50_c__aug8,E50_c
E50_c__aug9,E50_c
E50_c__aug10,E50_c
E50_c__aug11,E50_c
E50_c__aug12,E50_c
E50_c__aug13,E50_c
E50_c__aug14,E50_c
E50_c__aug15,E50_c
E50_c__aug16,E50_c
E50_c__aug17,E50_c
E50_c__aug18,E50_c
E50_c__aug19,E50_c
E50_c__aug20,E50_c
E50_c__aug21,E50_c
E50_c__aug22,E50_c
E50_c__aug23,E50_c
E50_c__aug24,E50_c
E50_c__aug25,E50_c
E50_c__aug26,E50_c
E50_c__aug27,E50_c
E50_c__aug28,E50_c
E50_c__aug29,E50_c
E50_c__aug30,E50_c
E50_c__aug31,E50_c
E50_c__aug32,E50_c
E50_c__aug33,E50_c
E50_c__aug34,E50_c
E50_c__aug35,E50_c
E50_c__aug36,E50_c
E50_c__aug37,E50_c
E50_c__aug38,E50_c
E50_c__aug39,E50_c
E50_c__aug40,E50_c
E50_c__aug41,E50_c
E50_c__aug42,E50_c
E50_c__aug43,E50_c
E50_c__aug44,E50_c
E50_c__aug45,E50_c
E50_c__aug46,E50_c
E50_c__aug47,E50_c
E50_c__aug48,E50_c
E50_c__aug49,E50_c
E50_c__aug50,E50_c
E50_c__aug51,E50_c
E50_c__aug52,E50_c
E50_c__aug53,E50_c
E50_c__aug54,E50_c
E50_c__aug55,E50_c
E50_c__aug56,E50_c
E50_c__aug57,E50_c
E50_c__aug58,E50_c
E50_c__aug59,E50_c
E50_c__aug60,E50_c
E50_c__aug61,E50_c
E50_c__aug62,E50_c
E50_c__aug63,E50_c
E50_c__aug64,E50_c
E50_c__aug65,E50_c
E50_c__aug66,E50_c
E50_c__aug67,E50_c
E50_c__aug68,E50_c
E50_c__aug69,E50_c
E50_c__aug70,E50_c
E50_c__aug71,E50_c
E50_c__aug72,E50_c
E50_c__aug73,E50_c
E50_c__aug74,E50_c
E50_c__aug75,E50_c
E50_c__aug76,E50_c
E50_c__aug77,E50_c
E50_c__aug78,E50_c
E50_c__aug79,E50_c
E50_c__aug80,E50_c
E50_c__aug81,E50_c
E50_c__aug82,E50_c
E50_c__aug83,E50_c
E50_c__aug84,E50_c
E50_c__aug85,E50_c
E50_c__aug86,E50_c
E50_c__aug87,E50_c
E50_c__aug88,E50_c
E50_c__aug89,E50_c
E50_c__aug90,E50_c
E50_c__aug91,E50_c
E50_c__aug92,E50_c
E50_c__aug93,E50_c
E50_c__aug94,E50_c
E50_c__aug95,E50_c
E50_c__aug96,E50_c
E50_c__aug97,E50_c
E50_c__aug98,E50_c
E50_c__aug99,E50_c
EM9_a__aug0,EM9_a
EM9_a__aug1,EM9_a
EM9_a__aug2,EM9_a
EM9_a__aug3,EM9_a
EM9_a__aug4,EM9_a
EM9_a__aug5,EM9_a
EM9_a__aug6,EM9_a
EM9_a__aug7,EM9_a
EM9_a__aug8,EM9_a
EM9_a__aug9,EM9_a
EM9_a__aug10,EM9_a
EM9_a__aug11,EM9_a
EM9_a__aug12,EM9_a
EM9_a__aug13,EM9_a
EM9_a__aug14,EM9_a
EM9_a__aug15,EM9_a
EM9_a__aug16,EM9_a
EM9_a__aug17,EM9_a
EM9_a__aug18,EM9_a
EM9_a__aug19,EM9_a
EM9_a__aug20,EM9_a
EM9_a__aug21,EM9_a
EM9_a__aug22,EM9_a
EM9_a__aug23,EM9_a
EM9_a__aug24,EM9_a
EM9_a__aug25,EM9_a
EM9_a__aug26,EM9_a
EM9_a__aug27,EM9_a
EM9_a__aug28,EM9_a
EM9_a__aug29,EM9_a
EM9_a__aug30,EM9_a
EM9_a__aug31,EM9_a
EM9_a__aug32,EM9_a
EM9_a__aug33,EM9_a
EM9_a__aug34,EM9_a
EM9_a__aug35,EM9_a
EM9_a__aug36,EM9_a
EM9_a__aug37,EM9_a
EM9_a__aug38,EM9_a
EM9_a__aug39,EM9_a
EM9_a__aug40,EM9_a
EM9_a__aug41,EM9_a
EM9_a__aug42,EM9_a
EM9_a__aug43,EM9_a
EM9_a__aug44,EM9_a
EM9_a__aug45,EM9_a
EM9_a__aug46,EM9_a
EM9_a__aug47,EM9_a
EM9_a__aug48,EM9_a
EM9_a__aug49,EM9_a
EM9_a__aug50,EM9_a
EM9_a__aug51,EM9_a
EM9_a__aug52,EM9_a
EM9_a__aug53,EM9_a
EM9_a__aug54,EM9_a
EM9_a__aug55,EM9_a
EM9_a__aug56,EM9_a
EM9_a__aug57,EM9_a
EM9_a__aug58,EM9_a
EM9_a__aug59,EM9_a
EM9_a__aug60,EM9_a
EM9_a__aug61,EM9_a
EM9_a__aug62,EM9_a
EM9_a__aug63,EM9_a
EM9_a__aug64,EM9_a
EM9_a__aug65,EM9_a
EM9_a__aug66,EM9_a
EM9_a__aug67,EM9_a
EM9_a__aug68,EM9_a
EM9_a__aug69,EM9_a
EM9_a__aug70,EM9_a
EM9_a__aug71,EM9_a
EM9_a__aug72,EM9_a
EM9_a__aug73,EM9_a
EM9_a__aug74,EM9_a
EM9_a__aug75,EM9_a
EM9_a__aug76,EM9_a
EM9_a__aug77,EM9_a
EM9_a__aug78,EM9_a
EM9_a__aug79,EM9_a
EM9_a__aug80,EM9_a
EM9_a__aug81,EM9_a
EM9_a__aug82,EM9_a
EM9_a__aug83,EM9_a
EM9_a__aug84,EM9_a
EM9_a__aug85,EM9_a
EM9_a__aug86,EM9_a
EM9_a__aug87,EM9_a
EM9_a__aug88,EM9_a
EM9_a__aug89,EM9_a
EM9_a__aug90,EM9_a
EM9_a__aug91,EM9_a
EM9_a__aug92,EM9_a
EM9_a__aug93,EM9_a
EM9_a__aug94,EM9_a
EM9_a__aug95,EM9_a
EM9_a__aug96,EM9_a
EM9_a__aug97,EM9_a
EM9_a__aug98,EM9_a
EM9_a__aug99,EM9_a
EM7_c__aug0,EM7_c
EM7_c__aug1,EM7_c
EM7_c__aug2,EM7_c
EM7_c__aug3,EM7_c
EM7_c__aug4,EM7_c
EM7_c__aug5,EM7_c
EM7_c__aug6,EM7_c
EM7_c__aug7,EM7_c
EM7_c__aug8,EM7_c
EM7_c__aug9,EM7_c
EM7_c__aug10,EM7_c
EM7_c__aug11,EM7_c
EM7_c__aug12,EM7_c
EM7_c__aug13,EM7_c
EM7_c__aug14,EM7_c
EM7_c__aug15,EM7_c
EM7_c__aug16,EM7_c
EM7_c__aug17,EM7_c
EM7_c__aug18,EM7_c
EM7_c__aug19,EM7_c
EM7_c__aug20,EM7_c
EM7_c__aug21,EM7_c
EM7_c__aug22,EM7_c
EM7_c__aug23,EM7_c
EM7_c__aug24,EM7_c
EM7_c__aug25,EM7_c
EM7_c__aug26,EM7_c
EM7_c__aug27,EM7_c
EM7_c__aug28,EM7_c
EM7_c__aug29,EM7_c
EM7_c__aug30,EM7_c
EM7_c__aug31,EM7_c
EM7_c__aug32,EM7_c
EM7_c__aug33,EM7_c
EM7_c__aug34,EM7_c
EM7_c__aug35,EM7_c
EM7_c__aug36,EM7_c
EM7_c__aug37,EM7_c
EM7_c__aug38,EM7_c
EM7_c__aug39,EM7_c
EM7_c__aug40,EM7_c
EM7_c__aug41,EM7_c
EM7_c__aug42,EM7_c
EM7_c__aug43,EM7_c
EM7_c__aug44,EM7_c
EM7_c__aug45,EM7_c
EM7_c__aug46,EM7_c
EM7_c__aug47,EM7_c
EM7_c__aug48,EM7_c
EM7_c__aug49,EM7_c
EM7_c__aug50,EM7_c
EM7_c__aug51,EM7_c
EM7_c__aug52,EM7_c
EM7_c__aug53,EM7_c
EM7_c__aug54,EM7_c
EM7_c__aug55,EM7_c
EM7_c__aug56,EM7_c
EM7_c__aug57,EM7_c
EM7_c__aug58,EM7_c
EM7_c__aug59,EM7_c
EM7_c__aug60,EM7_c
EM7_c__aug61,EM7_c
EM7_c__aug62,EM7_c
EM7_c__aug63,EM7_c
EM7_c__aug64,EM7_c
EM7_c__aug65,EM7_c
EM7_c__aug66,EM7_c
EM7_c__aug67,EM7_c
EM7_c__aug68,EM7_c
EM7_c__aug69,EM7_c
EM7_c__aug70,EM7_c
EM7_c__aug71,EM7_c
EM7_c__aug72,EM7_c
EM7_c__aug73,EM7_c
EM7_c__aug74,EM7_c
EM7_c__aug75,EM7_c
EM7_c__aug76,EM7_c
EM7_c__aug77,EM7_c
EM7_c__aug78,EM7_c
EM7_c__aug79,EM7_c
EM7_c__aug80,EM7_c
EM7_c__aug81,EM7_c
EM7_c__aug82,EM7_c
EM7_c__aug83,EM7_c
EM7_c__aug84,EM7_c
EM7_c__aug85,EM7_c
EM7_c__aug86,EM7_c
EM7_c__aug87,EM7_c
EM7_c__aug88,EM7_c
EM7_c__aug89,EM7_c
EM7_c__aug90,EM7_c
EM7_c__aug91,EM7_c
EM7_c__aug92,EM7_c
EM7_c__aug93,EM7_c
EM7_c__aug94,EM7_c
EM7_c__aug95,EM7_c
EM7_c__aug96,EM7_c
EM7_c__aug97,EM7_c
EM7_c__aug98,EM7_c
EM7_c__aug99,EM7_c
EM8_b__aug0,EM8_b
EM8_b__aug1,EM8_b
EM8_b__aug2,EM8_b
EM8_b__aug3,EM8_b
EM8_b__aug4,EM8_b
EM8_b__aug5,EM8_b
EM8_b__aug6,EM8_b
EM8_b__aug7,EM8_b
EM8_b__aug8,EM8_b
EM8_b__aug9,EM8_b
EM8_b__aug10,EM8_b
EM8_b__aug11,EM8_b
EM8_b__aug12,EM8_b
EM8_b__aug13,EM8_b
EM8_b__aug14,EM8_b
EM8_b__aug15,EM8_b
EM8_b__aug16,EM8_b
EM8_b__aug17,EM8_b
EM8_b__aug18,EM8_b
EM8_b__aug19,EM8_b
EM8_b__aug20,EM8_b
EM8_b__aug21,EM8_b
EM8_b__aug22,EM8_b
EM8_b__aug23,EM8_b
EM8_b__aug24,EM8_b
EM8_b__aug25,EM8_b
EM8_b__aug26,EM8_b
EM8_b__aug27,EM8_b
EM8_b__aug28,EM8_b
EM8_b__aug29,EM8_b
EM8_b__aug30,EM8_b
EM8_b__aug31,EM8_b
EM8_b__aug32,EM8_b
EM8_b__aug33,EM8_b
EM8_b__aug34,EM8_b
EM8_b__aug35,EM8_b
EM8_b__aug36,EM8_b
EM8_b__aug37,EM8_b
EM8_b__aug38,EM8_b
EM8_b__aug39,EM8_b
EM8_b__aug40,EM8_b
EM8_b__aug41,EM8_b
EM8_b__aug42,EM8_b
EM8_b__aug43,EM8_b
EM8_b__aug44,EM8_b
EM8_b__aug45,EM8_b
EM8_b__aug46,EM8_b
EM8_b__aug47,EM8_b
EM8_b__aug48,EM8_b
EM8_b__aug49,EM8_b
EM8_b__aug50,EM8_b
EM8_b__aug51,EM8_b
EM8_b__aug52,EM8_b
EM8_b__aug53,EM8_b
EM8_b__aug54,EM8_b
EM8_b__aug55,EM8_b
EM8_b__aug56,EM8_b
EM8_b__aug57,EM8_b
EM8_b__aug58,EM8_b
EM8_b__aug59,EM8_b
EM8_b__aug60,EM8_b
EM8_b__aug61,EM8_b
EM8_b__aug62,EM8_b
EM8_b__aug63,EM8_b
EM8_b__aug64,EM8_b
EM8_b__aug65,EM8_b
EM8_b__aug66,EM8_b
EM8_b__aug67,EM8_b
EM8_b__aug68,EM8_b
EM8_b__aug69,EM8_b
EM8_b__aug70,EM8_b
EM8_b__aug71,EM8_b
EM8_b__aug72,EM8_b
EM8_b__aug73,EM8_b
EM8_b__aug74,EM8_b
EM8_b__aug75,EM8_b
EM8_b__aug76,EM8_b
EM8_b__aug77,EM8_b
EM8_b__aug78,EM8_b
EM8_b__aug79,EM8_b
EM8_b__aug80,EM8_b
EM8_b__aug81,EM8_b
EM8_b__aug82,EM8_b
EM8_b__aug83,EM8_b
EM8_b__aug84,EM8_b
EM8_b__aug85,EM8_b
EM8_b__aug86,EM8_b
EM8_b__aug87,EM8_b
EM8_b__aug88,EM8_b
EM8_b__aug89,EM8_b
EM8_b__aug90,EM8_b
EM8_b__aug91,EM8_b
EM8_b__aug92,EM8_b
EM8_b__aug93,EM8_b
EM8_b__aug94,EM8_b
EM8_b__aug95,EM8_b
EM8_b__aug96,EM8_b
EM8_b__aug97,EM8_b
EM8_b__aug98,EM8_b
EM8_b__aug99,EM8_b
E5_a__aug0,E5_a
E5_a__aug1,E5_a
E5_a__aug2,E5_a
E5_a__aug3,E5_a
E5_a__aug4,E5_a
E5_a__aug5,E5_a
E5_a__aug6,E5_a
E5_a__aug7,E5_a
E5_a__aug8,E5_a
E5_a__aug9,E5_a
E5_a__aug10,E5_a
E5_a__aug11,E5_a
E5_a__aug12,E5_a
E5_a__aug13,E5_a
E5_a__aug14,E5_a
E5_a__aug15,E5_a
E5_a__aug16,E5_a
E5_a__aug17,E5_a
E5_a__aug18,E5_a
E5_a__aug19,E5_a
E5_a__aug20,E5_a
E5_a__aug21,E5_a
E5_a__aug22,E5_a
E5_a__aug23,E5_a
E5_a__aug24,E5_a
E5_a__aug25,E5_a
E5_a__aug26,E5_a
E5_a__aug27,E5_a
E5_a__aug28,E5_a
E5_a__aug29,E5_a
E5_a__aug30,E5_a
E5_a__aug31,E5_a
E5_a__aug32,E5_a
E5_a__aug33,E5_a
E5_a__aug34,E5_a
E5_a__aug35,E5_a
E5_a__aug36,E5_a
E5_a__aug37,E5_a
E5_a__aug38,E5_a
E5_a__aug39,E5_a
E5_a__aug40,E5_a
E5_a__aug41,E5_a
E5_a__aug42,E5_a
E5_a__aug43,E5_a
E5_a__aug44,E5_a
E5_a__aug45,E5_a
E5_a__aug46,E5_a
E5_a__aug47,E5_a
E5_a__aug48,E5_a
E5_a__aug49,E5_a
E5_a__aug50,E5_a
E5_a__aug51,E5_a
E5_a__aug52,E5_a
E5_a__aug53,E5_a
E5_a__aug54,E5_a
E5_a__aug55,E5_a
E5_a__aug56,E5_a
E5_a__aug57,E5_a
E5_a__aug58,E5_a
E5_a__aug59,E5_a
E5_a__aug60,E5_a
E5_a__aug61,E5_a
E5_a__aug62,E5_a
E5_a__aug63,E5_a
E5_a__aug64,E5_a
E5_a__aug65,E5_a
E5_a__aug66,E5_a
E5_a__aug67,E5_a
E5_a__aug68,E5_a
E5_a__aug69,E5_a
E5_a__aug70,E5_a
E5_a__aug71,E5_a
E5_a__aug72,E5_a
E5_a__aug73,E5_a
E5_a__aug74,E5_a
E5_a__aug75,E5_a
E5_a__aug76,E5_a
E5_a__aug77,E5_a
E5_a__aug78,E5_a
E5_a__aug79,E5_a
E5_a__aug80,E5_a
E5_a__aug81,E5_a
E5_a__aug82,E5_a
E5_a__aug83,E5_a
E5_a__aug84,E5_a
E5_a__aug85,E5_a
E5_a__aug86,E5_a
E5_a__aug87,E5_a
E5_a__aug88,E5_a
E5_a__aug89,E5_a
E5_a__aug90,E5_a
E5_a__aug91,E5_a
E5_a__aug92,E5_a
E5_a__aug93,E5_a
E5_a__aug94,E5_a
E5_a__aug95,E5_a
E5_a__aug96,E5_a
E5_a__aug97,E5_a
E5_a__aug98,E5_a
E5_a__aug99,E5_a
EM9_c__aug0,EM9_c
EM9_c__aug1,EM9_c
EM9_c__aug2,EM9_c
EM9_c__aug3,EM9_c
EM9_c__aug4,EM9_c
EM9_c__aug5,EM9_c
EM9_c__aug6,EM9_c
EM9_c__aug7,EM9_c
EM9_c__aug8,EM9_c
EM9_c__aug9,EM9_c
EM9_c__aug10,EM9_c
EM9_c__aug11,EM9_c
EM9_c__aug12,EM9_c
EM9_c__aug13,EM9_c
EM9_c__aug14,EM9_c
EM9_c__aug15,EM9_c
EM9_c__aug16,EM9_c
EM9_c__aug17,EM9_c
EM9_c__aug18,EM9_c
EM9_c__aug19,EM9_c
EM9_c__aug20,EM9_c
EM9_c__aug21,EM9_c
EM9_c__aug22,EM9_c
EM9_c__aug23,EM9_c
EM9_c__aug24,EM9_c
EM9_c__aug25,EM9_c
EM9_c__aug26,EM9_c
EM9_c__aug27,EM9_c
EM9_c__aug28,EM9_c
EM9_c__aug29,EM9_c
EM9_c__aug30,EM9_c
EM9_c__aug31,EM9_c
EM9_c__aug32,EM9_c
EM9_c__aug33,EM9_c
EM9_c__aug34,EM9_c
EM9_c__aug35,EM9_c
EM9_c__aug36,EM9_c
EM9_c__aug37,EM9_c
EM9_c__aug38,EM9_c
EM9_c__aug39,EM9_c
EM9_c__aug40,EM9_c
EM9_c__aug41,EM9_c
EM9_c__aug42,EM9_c
EM9_c__aug43,EM9_c
EM9_c__aug44,EM9_c
EM9_c__aug45,EM9_c
EM9_c__aug46,EM9_c
EM9_c__aug47,EM9_c
EM9_c__aug48,EM9_c
EM9_c__aug49,EM9_c
EM9_c__aug50,EM9_c
EM9_c__aug51,EM9_c
EM9_c__aug52,EM9_c
EM9_c__aug53,EM9_c
EM9_c__aug54,EM9_c
EM9_c__aug55,EM9_c
EM9_c__aug56,EM9_c
EM9_c__aug57,EM9_c
EM9_c__aug58,EM9_c
EM9_c__aug59,EM9_c
EM9_c__aug60,EM9_c
EM9_c__aug61,EM9_c
EM9_c__aug62,EM9_c
EM9_c__aug63,EM9_c
EM9_c__aug64,EM9_c
EM9_c__aug65,EM9_c
EM9_c__aug66,EM9_c
EM9_c__aug67,EM9_c
EM9_c__aug68,EM9_c
EM9_c__aug69,EM9_c
EM9_c__aug70,EM9_c
EM9_c__aug71,EM9_c
EM9_c__aug72,EM9_c
EM9_c__aug73,EM9_c
EM9_c__aug74,EM9_c
EM9_c__aug75,EM9_c
EM9_c__aug76,EM9_c
EM9_c__aug77,EM9_c
EM9_c__aug78,EM9_c
EM9_c__aug79,EM9_c
EM9_c__aug80,EM9_c
EM9_c__aug81,EM9_c
EM9_c__aug82,EM9_c
EM9_c__aug83,EM9_c
EM9_c__aug84,EM9_c
EM9_c__aug85,EM9_c
EM9_c__aug86,EM9_c
EM9_c__aug87,EM9_c
EM9_c__aug88,EM9_c
EM9_c__aug89,EM9_c
EM9_c__aug90,EM9_c
EM9_c__aug91,EM9_c
EM9_c__aug92,EM9_c
EM9_c__aug93,EM9_c
EM9_c__aug94,EM9_c
EM9_c__aug95,EM9_c
EM9_c__aug96,EM9_c
EM9_c__aug97,EM9_c
EM9_c__aug98,EM9_c
EM9_c__aug99,EM9_c
EM6_a__aug0,EM6_a
EM6_a__aug1,EM6_a
EM6_a__aug2,EM6_a
EM6_a__aug3,EM6_a
EM6_a__aug4,EM6_a
EM6_a__aug5,EM6_a
EM6_a__aug6,EM6_a
EM6_a__aug7,EM6_a
EM6_a__aug8,EM6_a
EM6_a__aug9,EM6_a
EM6_a__aug10,EM6_a
EM6_a__aug11,EM6_a
EM6_a__aug12,EM6_a
EM6_a__aug13,EM6_a
EM6_a__aug14,EM6_a
EM6_a__aug15,EM6_a
EM6_a__aug16,EM6_a
EM6_a__aug17,EM6_a
EM6_a__aug18,EM6_a
EM6_a__aug19,EM6_a
EM6_a__aug20,EM6_a
EM6_a__aug21,EM6_a
EM6_a__aug22,EM6_a
EM6_a__aug23,EM6_a
EM6_a__aug24,EM6_a
EM6_a__aug25,EM6_a
EM6_a__aug26,EM6_a
EM6_a__aug27,EM6_a
EM6_a__aug28,EM6_a
EM6_a__aug29,EM6_a
EM6_a__aug30,EM6_a
EM6_a__aug31,EM6_a
EM6_a__aug32,EM6_a
EM6_a__aug33,EM6_a
EM6_a__aug34,EM6_a
EM6_a__aug35,EM6_a
EM6_a__aug36,EM6_a
EM6_a__aug37,EM6_a
EM6_a__aug38,EM6_a
EM6_a__aug39,EM6_a
EM6_a__aug40,EM6_a
EM6_a__aug41,EM6_a
EM6_a__aug42,EM6_a
EM6_a__aug43,EM6_a
EM6_a__aug44,EM6_a
EM6_a__aug45,EM6_a
EM6_a__aug46,EM6_a
EM6_a__aug47,EM6_a
EM6_a__aug48,EM6_a
EM6_a__aug49,EM6_a
EM6_a__aug50,EM6_a
EM6_a__aug51,EM6_a
EM6_a__aug52,EM6_a
EM6_a__aug53,EM6_a
EM6_a__aug54,EM6_a
EM6_a__aug55,EM6_a
EM6_a__aug56,EM6_a
EM6_a__aug57,EM6_a
EM6_a__aug58,EM6_a
EM6_a__aug59,EM6_a
EM6_a__aug60,EM6_a
EM6_a__aug61,EM6_a
EM6_a__aug62,EM6_a
EM6_a__aug63,EM6_a
EM6_a__aug64,EM6_a
EM6_a__aug65,EM6_a
EM6_a__aug66,EM6_a
EM6_a__aug67,EM6_a
EM6_a__aug68,EM6_a
EM6_a__aug69,EM6_a
EM6_a__aug70,EM6_a
EM6_a__aug71,EM6_a
EM6_a__aug72,EM6_a
EM6_a__aug73,EM6_a
EM6_a__aug74,EM6_a
EM6_a__aug75,EM6_a
EM6_a__aug76,EM6_a
EM6_a__aug77,EM6_a
EM6_a__aug78,EM6_a
EM6_a__aug79,EM6_a
EM6_a__aug80,EM6_a
EM6_a__aug81,EM6_a
EM6_a__aug82,EM6_a
EM6_a__aug83,EM6_a
EM6_a__aug84,EM6_a
EM6_a__aug85,EM6_a
EM6_a__aug86,EM6_a
EM6_a__aug87,EM6_a
EM6_a__aug88,EM6_a
EM6_a__aug89,EM6_a
EM6_a__aug90,EM6_a
EM6_a__aug91,EM6_a
EM6_a__aug92,EM6_a
EM6_a__aug93,EM6_a
EM6_a__aug94,EM6_a
EM6_a__aug95,EM6_a
EM6_a__aug96,EM6_a
EM6_a__aug97,EM6_a
EM6_a__aug98,EM6_a
EM6_a__aug99,EM6_a
E30_a__aug0,E30_a
E30_a__aug1,E30_a
E30_a__aug2,E30_a
E30_a__aug3,E30_a
E30_a__aug4,E30_a
E30_a__aug5,E30_a
E30_a__aug6,E30_a
E30_a__aug7,E30_a
E30_a__aug8,E30_a
E30_a__aug9,E30_a
E30_a__aug10,E30_a
E30_a__aug11,E30_a
E30_a__aug12,E30_a
E30_a__aug13,E30_a
E30_a__aug14,E30_a
E30_a__aug15,E30_a
E30_a__aug16,E30_a
E30_a__aug17,E30_a
E30_a__aug18,E30_a
E30_a__aug19,E30_a
E30_a__aug20,E30_a
E30_a__aug21,E30_a
E30_a__aug22,E30_a
E30_a__aug23,E30_a
E30_a__aug24,E30_a
E30_a__aug25,E30_a
E30_a__aug26,E30_a
E30_a__aug27,E30_a
E30_a__aug28,E30_a
E30_a__aug29,E30_a
E30_a__aug30,E30_a
E30_a__aug31,E30_a
E30_a__aug32,E30_a
E30_a__aug33,E30_a
E30_a__aug34,E30_a
E30_a__aug35,E30_a
E30_a__aug36,E30_a
E30_a__aug37,E30_a
E30_a__aug38,E30_a
E30_a__aug39,E30_a
E30_a__aug40,E30_a
E30_a__aug41,E30_a
E30_a__aug42,E30_a
E30_a__aug43,E30_a
E30_a__aug44,E30_a
E30_a__aug45,E30_a
E30_a__aug46,E30_a
E30_a__aug47,E30_a
E30_a__aug48,E30_a
E30_a__aug49,E30_a
E30_a__aug50,E30_a
E30_a__aug51,E30_a
E30_a__aug52,E30_a
E30_a__aug53,E30_a
E30_a__aug54,E30_a
E30_a__aug55,E30_a
E30_a__aug56,E30_a
E30_a__aug57,E30_a
E30_a__aug58,E30_a
E30_a__aug59,E30_a
E30_a__aug60,E30_a
E30_a__aug61,E30_a
E30_a__aug62,E30_a
E30_a__aug63,E30_a
E30_a__aug64,E30_a
E30_a__aug65,E30_a
E30_a__aug66,E30_a
E30_a__aug67,E30_a
E30_a__aug68,E30_a
E30_a__aug69,E30_a
E30_a__aug70,E30_a
E30_a__aug71,E30_a
E30_a__aug72,E30_a
E30_a__aug73,E30_a
E30_a__aug74,E30_a
E30_a__aug75,E30_a
E30_a__aug76,E30_a
E30_a__aug77,E30_a
E30_a__aug78,E30_a
E30_a__aug79,E30_a
E30_a__aug80,E30_a
E30_a__aug81,E30_a
E30_a__aug82,E30_a
E30_a__aug83,E30_a
E30_a__aug84,E30_a
E30_a__aug85,E30_a
E30_a__aug86,E30_a
E30_a__aug87,E30_a
E30_a__aug88,E30_a
E30_a__aug89,E30_a
E30_a__aug90,E30_a
E30_a__aug91,E30_a
E30_a__aug92,E30_a
E30_a__aug93,E30_a
E30_a__aug94,E30_a
E30_a__aug95,E30_a
E30_a__aug96,E30_a
E30_a__aug97,E30_a
E30_a__aug98,E30_a
E30_a__aug99,E30_a
EM4_b__aug0,EM4_b
EM4_b__aug1,EM4_b
EM4_b__aug2,EM4_b
EM4_b__aug3,EM4_b
EM4_b__aug4,EM4_b
EM4_b__aug5,EM4_b
EM4_b__aug6,EM4_b
EM4_b__aug7,EM4_b
EM4_b__aug8,EM4_b
EM4_b__aug9,EM4_b
EM4_b__aug10,EM4_b
EM4_b__aug11,EM4_b
EM4_b__aug12,EM4_b
EM4_b__aug13,EM4_b
EM4_b__aug14,EM4_b
EM4_b__aug15,EM4_b
EM4_b__aug16,EM4_b
EM4_b__aug17,EM4_b
EM4_b__aug18,EM4_b
EM4_b__aug19,EM4_b
EM4_b__aug20,EM4_b
EM4_b__aug21,EM4_b
EM4_b__aug22,EM4_b
EM4_b__aug23,EM4_b
EM4_b__aug24,EM4_b
EM4_b__aug25,EM4_b
EM4_b__aug26,EM4_b
EM4_b__aug27,EM4_b
EM4_b__aug28,EM4_b
EM4_b__aug29,EM4_b
EM4_b__aug30,EM4_b
EM4_b__aug31,EM4_b
EM4_b__aug32,EM4_b
EM4_b__aug33,EM4_b
EM4_b__aug34,EM4_b
EM4_b__aug35,EM4_b
EM4_b__aug36,EM4_b
EM4_b__aug37,EM4_b
EM4_b__aug38,EM4_b
EM4_b__aug39,EM4_b
EM4_b__aug40,EM4_b
EM4_b__aug41,EM4_b
EM4_b__aug42,EM4_b
EM4_b__aug43,EM4_b
EM4_b__aug44,EM4_b
EM4_b__aug45,EM4_b
EM4_b__aug46,EM4_b
EM4_b__aug47,EM4_b
EM4_b__aug48,EM4_b
EM4_b__aug49,EM4_b
EM4_b__aug50,EM4_b
EM4_b__aug51,EM4_b
EM4_b__aug52,EM4_b
EM4_b__aug53,EM4_b
EM4_b__aug54,EM4_b
EM4_b__aug55,EM4_b
EM4_b__aug56,EM4_b
EM4_b__aug57,EM4_b
EM4_b__aug58,EM4_b
EM4_b__aug59,EM4_b
EM4_b__aug60,EM4_b
EM4_b__aug61,EM4_b
EM4_b__aug62,EM4_b
EM4_b__aug63,EM4_b
EM4_b__aug64,EM4_b
EM4_b__aug65,EM4_b
EM4_b__aug66,EM4_b
EM4_b__aug67,EM4_b
EM4_b__aug68,EM4_b
EM4_b__aug69,EM4_b
EM4_b__aug70,EM4_b
EM4_b__aug71,EM4_b
EM4_b__aug72,EM4_b
EM4_b__aug73,EM4_b
EM4_b__aug74,EM4_b
EM4_b__aug75,EM4_b
EM4_b__aug76,EM4_b
EM4_b__aug77,EM4_b
EM4_b__aug78,EM4_b
EM4_b__aug79,EM4_b
EM4_b__aug80,EM4_b
EM4_b__aug81,EM4_b
EM4_b__aug82,EM4_b
EM4_b__aug83,EM4_b
EM4_b__aug84,EM4_b
EM4_b__aug85,EM4_b
EM4_b__aug86,EM4_b
EM4_b__aug87,EM4_b
EM4_b__aug88,EM4_b
EM4_b__aug89,EM4_b
EM4_b__aug90,EM4_b
EM4_b__aug91,EM4_b
EM4_b__aug92,EM4_b
EM4_b__aug93,EM4_b
EM4_b__aug94,EM4_b
EM4_b__aug95,EM4_b
EM4_b__aug96,EM4_b
EM4_b__aug97,EM4_b
EM4_b__aug98,EM4_b
EM4_b__aug99,EM4_b
EM1_c__aug0,EM1_c
EM1_c__aug1,EM1_c
EM1_c__aug2,EM1_c
EM1_c__aug3,EM1_c
EM1_c__aug4,EM1_c
EM1_c__aug5,EM1_c
EM1_c__aug6,EM1_c
EM1_c__aug7,EM1_c
EM1_c__aug8,EM1_c
EM1_c__aug9,EM1_c
EM1_c__aug10,EM1_c
EM1_c__aug11,EM1_c
EM1_c__aug12,EM1_c
EM1_c__aug13,EM1_c
EM1_c__aug14,EM1_c
EM1_c__aug15,EM1_c
EM1_c__aug16,EM1_c
EM1_c__aug17,EM1_c
EM1_c__aug18,EM1_c
EM1_c__aug19,EM1_c
EM1_c__aug20,EM1_c
EM1_c__aug21,EM1_c
EM1_c__aug22,EM1_c
EM1_c__aug23,EM1_c
EM1_c__aug24,EM1_c
EM1_c__aug25,EM1_c
EM1_c__aug26,EM1_c
EM1_c__aug27,EM1_c
EM1_c__aug28,EM1_c
EM1_c__aug29,EM1_c
EM1_c__aug30,EM1_c
EM1_c__aug31,EM1_c
EM1_c__aug32,EM1_c
EM1_c__aug33,EM1_c
EM1_c__aug34,EM1_c
EM1_c__aug35,EM1_c
EM1_c__aug36,EM1_c
EM1_c__aug37,EM1_c
EM1_c__aug38,EM1_c
EM1_c__aug39,EM1_c
EM1_c__aug40,EM1_c
EM1_c__aug41,EM1_c
EM1_c__aug42,EM1_c
EM1_c__aug43,EM1_c
EM1_c__aug44,EM1_c
EM1_c__aug45,EM1_c
EM1_c__aug46,EM1_c
EM1_c__aug47,EM1_c
EM1_c__aug48,EM1_c
EM1_c__aug49,EM1_c
EM1_c__aug50,EM1_c
EM1_c__aug51,EM1_c
EM1_c__aug52,EM1_c
EM1_c__aug53,EM1_c
EM1_c__aug54,EM1_c
EM1_c__aug55,EM1_c
EM1_c__aug56,EM1_c
EM1_c__aug57,EM1_c
EM1_c__aug58,EM1_c
EM1_c__aug59,EM1_c
EM1_c__aug60,EM1_c
EM1_c__aug61,EM1_c
EM1_c__aug62,EM1_c
EM1_c__aug63,EM1_c
EM1_c__aug64,EM1_c
EM1_c__aug65,EM1_c
EM1_c__aug66,EM1_c
EM1_c__aug67,EM1_c
EM1_c__aug68,EM1_c
EM1_c__aug69,EM1_c
EM1_c__aug70,EM1_c
EM1_c__aug71,EM1_c
EM1_c__aug72,EM1_c
EM1_c__aug73,EM1_c
EM1_c__aug74,EM1_c
EM1_c__aug75,EM1_c
EM1_c__aug76,EM1_c
EM1_c__aug77,EM1_c
EM1_c__aug78,EM1_c
EM1_c__aug79,EM1_c
EM1_c__aug80,EM1_c
EM1_c__aug81,EM1_c
EM1_c__aug82,EM1_c
EM1_c__aug83,EM1_c
EM1_c__aug84,EM1_c
EM1_c__aug85,EM1_c
EM1_c__aug86,EM1_c
EM1_c__aug87,EM1_c
EM1_c__aug88,EM1_c
EM1_c__aug89,EM1_c
EM1_c__aug90,EM1_c
EM1_c__aug91,EM1_c
EM1_c__aug92,EM1_c
EM1_c__aug93,EM1_c
EM1_c__aug94,EM1_c
EM1_c__aug95,EM1_c
EM1_c__aug96,EM1_c
EM1_c__aug97,EM1_c
EM1_c__aug98,EM1_c
EM1_c__aug99,EM1_c
E50_a__aug0,E50_a
E50_a__aug1,E50_a
E50_a__aug2,E50_a
E50_a__aug3,E50_a
E50_a__aug4,E50_a
E50_a__aug5,E50_a
E50_a__aug6,E50_a
E50_a__aug7,E50_a
E50_a__aug8,E50_a
E50_a__aug9,E50_a
E50_a__aug10,E50_a
E50_a__aug11,E50_a
E50_a__aug12,E50_a
E50_a__aug13,E50_a
E50_a__aug14,E50_a
E50_a__aug15,E50_a
E50_a__aug16,E50_a
E50_a__aug17,E50_a
E50_a__aug18,E50_a
E50_a__aug19,E50_a
E50_a__aug20,E50_a
E50_a__aug21,E50_a
E50_a__aug22,E50_a
E50_a__aug23,E50_a
E50_a__aug24,E50_a
E50_a__aug25,E50_a
E50_a__aug26,E50_a
E50_a__aug27,E50_a
E50_a__aug28,E50_a
E50_a__aug29,E50_a
E50_a__aug30,E50_a
E50_a__aug31,E50_a
E50_a__aug32,E50_a
E50_a__aug33,E50_a
E50_a__aug34,E50_a
E50_a__aug35,E50_a
E50_a__aug36,E50_a
E50_a__aug37,E50_a
E50_a__aug38,E50_a
E50_a__aug39,E50_a
E50_a__aug40,E50_a
E50_a__aug41,E50_a
E50_a__aug42,E50_a
E50_a__aug43,E50_a
E50_a__aug44,E50_a
E50_a__aug45,E50_a
E50_a__aug46,E50_a
E50_a__aug47,E50_a
E50_a__aug48,E50_a
E50_a__aug49,E50_a
E50_a__aug50,E50_a
E50_a__aug51,E50_a
E50_a__aug52,E50_a
E50_a__aug53,E50_a
E50_a__aug54,E50_a
E50_a__aug55,E50_a
E50_a__aug56,E50_a
E50_a__aug57,E50_a
E50_a__aug58,E50_a
E50_a__aug59,E50_a
E50_a__aug60,E50_a
E50_a__aug61,E50_a
E50_a__aug62,E50_a
E50_a__aug63,E50_a
E50_a__aug64,E50_a
E50_a__aug65,E50_a
E50_a__aug66,E50_a
E50_a__aug67,E50_a
E50_a__aug68,E50_a
E50_a__aug69,E50_a
E50_a__aug70,E50_a
E50_a__aug71,E50_a
E50_a__aug72,E50_a
E50_a__aug73,E50_a
E50_a__aug74,E50_a
E50_a__aug75,E50_a
E50_a__aug76,E50_a
E50_a__aug77,E50_a
E50_a__aug78,E50_a
E50_a__aug79,E50_a
E50_a__aug80,E50_a
E50_a__aug81,E50_a
E50_a__aug82,E50_a
E50_a__aug83,E50_a
E50_a__aug84,E50_a
E50_a__aug85,E50_a
E50_a__aug86,E50_a
E50_a__aug87,E50_a
E50_a__aug88,E50_a
E50_a__aug89,E50_a
E50_a__aug90,E50_a
E50_a__aug91,E50_a
E50_a__aug92,E50_a
E50_a__aug93,E50_a
E50_a__aug94,E50_a
E50_a__aug95,E50_a
E50_a__aug96,E50_a
E50_a__aug97,E50_a
E50_a__aug98,E50_a
E50_a__aug99,E50_a
EMX__aug0,EMX
EMX__aug1,EMX
EMX__aug2,EMX
EMX__aug3,EMX
EMX__aug4,EMX
EMX__aug5,EMX
EMX__aug6,EMX
EMX__aug7,EMX
EMX__aug8,EMX
EMX__aug9,EMX
EMX__aug10,EMX
EMX__aug11,EMX
EMX__aug12,EMX
EMX__aug13,EMX
EMX__aug14,EMX
EMX__aug15,EMX
EMX__aug16,EMX
EMX__aug17,EMX
EMX__aug18,EMX
EMX__aug19,EMX
EMX__aug20,EMX
EMX__aug21,EMX
EMX__aug22,EMX
EMX__aug23,EMX
EMX__aug24,EMX
EMX__aug25,EMX
EMX__aug26,EMX
EMX__aug27,EMX
EMX__aug28,EMX
EMX__aug29,EMX
EMX__aug30,EMX
EMX__aug31,EMX
EMX__aug32,EMX
EMX__aug33,EMX
EMX__aug34,EMX
EMX__aug35,EMX
EMX__aug36,EMX
EMX__aug37,EMX
EMX__aug38,EMX
EMX__aug39,EMX
EMX__aug40,EMX
EMX__aug41,EMX
EMX__aug42,EMX
EMX__aug43,EMX
EMX__aug44,EMX
EMX__aug45,EMX
EMX__aug46,EMX
EMX__aug47,EMX
EMX__aug48,EMX
EMX__aug49,EMX
EMX__aug50,EMX
EMX__aug51,EMX
EMX__aug52,EMX
EMX__aug53,EMX
EMX__aug54,EMX
EMX__aug55,EMX
EMX__aug56,EMX
EMX__aug57,EMX
EMX__aug58,EMX
EMX__aug59,EMX
EMX__aug60,EMX
EMX__aug61,EMX
EMX__aug62,EMX
EMX__aug63,EMX
EMX__aug64,EMX
EMX__aug65,EMX
EMX__aug66,EMX
EMX__aug67,EMX
EMX__aug68,EMX
EMX__aug69,EMX
EMX__aug70,EMX
EMX__aug71,EMX
EMX__aug72,EMX
EMX__aug73,EMX
EMX__aug74,EMX
EMX__aug75,EMX
EMX__aug76,EMX
EMX__aug77,EMX
EMX__aug78,EMX
EMX__aug79,EMX
EMX__aug80,EMX
EMX__aug81,EMX
EMX__aug82,EMX
EMX__aug83,EMX
EMX__aug84,EMX
EMX__aug85,EMX
EMX__aug86,EMX
EMX__aug87,EMX
EMX__aug88,EMX
EMX__aug89,EMX
EMX__aug90,EMX
EMX__aug91,EMX
EMX__aug92,EMX
EMX__aug93,EMX
EMX__aug94,EMX
EMX__aug95,EMX
EMX__aug96,EMX
EMX__aug97,EMX
EMX__aug98,EMX
EMX__aug99,EMX
EMX_b__aug0,EMX_b
EMX_b__aug1,EMX_b
EMX_b__aug2,EMX_b
EMX_b__aug3,EMX_b
EMX_b__aug4,EMX_b
EMX_b__aug5,EMX_b
EMX_b__aug6,EMX_b
EMX_b__aug7,EMX_b
EMX_b__aug8,EMX_b
EMX_b__aug9,EMX_b
EMX_b__aug10,EMX_b
EMX_b__aug11,EMX_b
EMX_b__aug12,EMX_b
EMX_b__aug13,EMX_b
EMX_b__aug14,EMX_b
EMX_b__aug15,EMX_b
EMX_b__aug16,EMX_b
EMX_b__aug17,EMX_b
EMX_b__aug18,EMX_b
EMX_b__aug19,EMX_b
EMX_b__aug20,EMX_b
EMX_b__aug21,EMX_b
EMX_b__aug22,EMX_b
EMX_b__aug23,EMX_b
EMX_b__aug24,EMX_b
EMX_b__aug25,EMX_b
EMX_b__aug26,EMX_b
EMX_b__aug27,EMX_b
EMX_b__aug28,EMX_b
EMX_b__aug29,EMX_b
EMX_b__aug30,EMX_b
EMX_b__aug31,EMX_b
EMX_b__aug32,EMX_b
EMX_b__aug33,EMX_b
EMX_b__aug34,EMX_b
EMX_b__aug35,EMX_b
EMX_b__aug36,EMX_b
EMX_b__aug37,EMX_b
EMX_b__aug38,EMX_b
EMX_b__aug39,EMX_b
EMX_b__aug40,EMX_b
EMX_b__aug41,EMX_b
EMX_b__aug42,EMX_b
EMX_b__aug43,EMX_b
EMX_b__aug44,EMX_b
EMX_b__aug45,EMX_b
EMX_b__aug46,EMX_b
EMX_b__aug47,EMX_b
EMX_b__aug48,EMX_b
EMX_b__aug49,EMX_b
EMX_b__aug50,EMX_b
EMX_b__aug51,EMX_b
EMX_b__aug52,EMX_b
EMX_b__aug53,EMX_b
EMX_b__aug54,EMX_b
EMX_b__aug55,EMX_b
EMX_b__aug56,EMX_b
EMX_b__aug57,EMX_b
EMX_b__aug58,EMX_b
EMX_b__aug59,EMX_b
EMX_b__aug60,EMX_b
EMX_b__aug61,EMX_b
EMX_b__aug62,EMX_b
EMX_b__aug63,EMX_b
EMX_b__aug64,EMX_b
EMX_b__aug65,EMX_b
EMX_b__aug66,EMX_b
EMX_b__aug67,EMX_b
EMX_b__aug68,EMX_b
EMX_b__aug69,EMX_b
EMX_b__aug70,EMX_b
EMX_b__aug71,EMX_b
EMX_b__aug72,EMX_b
EMX_b__aug73,EMX_b
EMX_b__aug74,EMX_b
EMX_b__aug75,EMX_b
EMX_b__aug76,EMX_b
EMX_b__aug77,EMX_b
EMX_b__aug78,EMX_b
EMX_b__aug79,EMX_b
EMX_b__aug80,EMX_b
EMX_b__aug81,EMX_b
EMX_b__aug82,EMX_b
EMX_b__aug83,EMX_b
EMX_b__aug84,EMX_b
EMX_b__aug85,EMX_b
EMX_b__aug86,EMX_b
EMX_b__aug87,EMX_b
EMX_b__aug88,EMX_b
EMX_b__aug89,EMX_b
EMX_b__aug90,EMX_b
EMX_b__aug91,EMX_b
EMX_b__aug92,EMX_b
EMX_b__aug93,EMX_b
EMX_b__aug94,EMX_b
EMX_b__aug95,EMX_b
EMX_b__aug96,EMX_b
EMX_b__aug97,EMX_b
EMX_b__aug98,EMX_b
EMX_b__aug99,EMX_b
EMX_c__aug0,EMX_c
EMX_c__aug1,EMX_c
EMX_c__aug2,EMX_c
EMX_c__aug3,EMX_c
EMX_c__aug4,EMX_c
EMX_c__aug5,EMX_c
EMX_c__aug6,EMX_c
EMX_c__aug7,EMX_c
EMX_c__aug8,EMX_c
EMX_c__aug9,EMX_c
EMX_c__aug10,EMX_c
EMX_c__aug11,EMX_c
EMX_c__aug12,EMX_c
EMX_c__aug13,EMX_c
EMX_c__aug14,EMX_c
EMX_c__aug15,EMX_c
EMX_c__aug16,EMX_c
EMX_c__aug17,EMX_c
EMX_c__aug18,EMX_c
EMX_c__aug19,EMX_c
EMX_c__aug20,EMX_c
EMX_c__aug21,EMX_c
EMX_c__aug22,EMX_c
EMX_c__aug23,EMX_c
EMX_c__aug24,EMX_c
EMX_c__aug25,EMX_c
EMX_c__aug26,EMX_c
EMX_c__aug27,EMX_c
EMX_c__aug28,EMX_c
EMX_c__aug29,EMX_c
EMX_c__aug30,EMX_c
EMX_c__aug31,EMX_c
EMX_c__aug32,EMX_c
EMX_c__aug33,EMX_c
EMX_c__aug34,EMX_c
EMX_c__aug35,EMX_c
EMX_c__aug36,EMX_c
EMX_c__aug37,EMX_c
EMX_c__aug38,EMX_c
EMX_c__aug39,EMX_c
EMX_c__aug40,EMX_c
EMX_c__aug41,EMX_c
EMX_c__aug42,EMX_c
EMX_c__aug43,EMX_c
EMX_c__aug44,EMX_c
EMX_c__aug45,EMX_c
EMX_c__aug46,EMX_c
EMX_c__aug47,EMX_c
EMX_c__aug48,EMX_c
EMX_c__aug49,EMX_c
EMX_c__aug50,EMX_c
EMX_c__aug51,EMX_c
EMX_c__aug52,EMX_c
EMX_c__aug53,EMX_c
EMX_c__aug54,EMX_c
EMX_c__aug55,EMX_c
EMX_c__aug56,EMX_c
EMX_c__aug57,EMX_c
EMX_c__aug58,EMX_c
EMX_c__aug59,EMX_c
EMX_c__aug60,EMX_c
EMX_c__aug61,EMX_c
EMX_c__aug62,EMX_c
EMX_c__aug63,EMX_c
EMX_c__aug64,EMX_c
EMX_c__aug65,EMX_c
EMX_c__aug66,EMX_c
EMX_c__aug67,EMX_c
EMX_c__aug68,EMX_c
EMX_c__aug69,EMX_c
EMX_c__aug70,EMX_c
EMX_c__aug71,EMX_c
EMX_c__aug72,EMX_c
EMX_c__aug73,EMX_c
EMX_c__aug74,EMX_c
EMX_c__aug75,EMX_c
EMX_c__aug76,EMX_c
EMX_c__aug77,EMX_c
EMX_c__aug78,EMX_c
EMX_c__aug79,EMX_c
EMX_c__aug80,EMX_c
EMX_c__aug81,EMX_c
EMX_c__aug82,EMX_c
EMX_c__aug83,EMX_c
EMX_c__aug84,EMX_c
EMX_c__aug85,EMX_c
EMX_c__aug86,EMX_c
EMX_c__aug87,EMX_c
EMX_c__aug88,EMX_c
EMX_c__aug89,EMX_c
EMX_c__aug90,EMX_c
EMX_c__aug91,EMX_c
EMX_c__aug92,EMX_c
EMX_c__aug93,EMX_c
EMX_c__aug94,EMX_c
EMX_c__aug95,EMX_c
EMX_c__aug96,EMX_c
EMX_c__aug97,EMX_c
EMX_c__aug98,EMX_c
EMX_c__aug99,EMX_c
